,Unnamed: 0,dataset,elevation,location.lat,location.lng,y,x,ix,iy
0,0,srtm30m,2228.0000, 39.1397,-120.2566,-1899,-1850,0,0
1,1,srtm30m,2237.0000, 39.1397,-120.2554,-1899,-1750,1,0
2,2,srtm30m,2261.0000, 39.1397,-120.2543,-1899,-1649,2,0
3,3,srtm30m,2303.0000, 39.1397,-120.2531,-1899,-1550,3,0
4,4,srtm30m,2330.0000, 39.1397,-120.2520,-1899,-1449,4,0
5,5,srtm30m,2370.0000, 39.1397,-120.2508,-1899,-1350,5,0
6,6,srtm30m,2412.0000, 39.1397,-120.2496,-1899,-1249,6,0
7,7,srtm30m,2440.0000, 39.1397,-120.2485,-1899,-1150,7,0
8,8,srtm30m,2488.0000, 39.1397,-120.2473,-1899,-1049,8,0
9,9,srtm30m,2511.0000, 39.1397,-120.2462,-1899,-950,9,0
10,10,srtm30m,2460.0000, 39.1397,-120.2450,-1899,-849,10,0
11,11,srtm30m,2437.0000, 39.1397,-120.2439,-1899,-750,11,0
12,12,srtm30m,2375.0000, 39.1397,-120.2427,-1899,-649,12,0
13,13,srtm30m,2331.0000, 39.1397,-120.2415,-1899,-550,13,0
14,14,srtm30m,2314.0000, 39.1397,-120.2404,-1899,-449,14,0
15,15,srtm30m,2311.0000, 39.1397,-120.2392,-1899,-350,15,0
16,16,srtm30m,2303.0000, 39.1397,-120.2381,-1899,-249,16,0
17,17,srtm30m,2297.0000, 39.1397,-120.2369,-1899,-150,17,0
18,18,srtm30m,2275.0000, 39.1397,-120.2357,-1899,-49,18,0
19,19,srtm30m,2258.0000, 39.1397,-120.2346,-1899,49,19,0
20,20,srtm30m,2227.0000, 39.1397,-120.2334,-1899,150,20,0
21,21,srtm30m,2217.0000, 39.1397,-120.2323,-1899,249,21,0
22,22,srtm30m,2202.0000, 39.1397,-120.2311,-1899,350,22,0
23,23,srtm30m,2192.0000, 39.1397,-120.2300,-1899,449,23,0
24,24,srtm30m,2184.0000, 39.1397,-120.2288,-1899,550,24,0
25,25,srtm30m,2160.0000, 39.1397,-120.2276,-1899,649,25,0
26,26,srtm30m,2130.0000, 39.1397,-120.2265,-1899,750,26,0
27,27,srtm30m,2117.0000, 39.1397,-120.2253,-1899,849,27,0
28,28,srtm30m,2099.0000, 39.1397,-120.2242,-1899,950,28,0
29,29,srtm30m,2084.0000, 39.1397,-120.2230,-1899,1049,29,0
30,30,srtm30m,2064.0000, 39.1397,-120.2218,-1899,1150,30,0
31,31,srtm30m,2059.0000, 39.1397,-120.2207,-1899,1249,31,0
32,32,srtm30m,2055.0000, 39.1397,-120.2195,-1899,1350,32,0
33,33,srtm30m,2051.0000, 39.1397,-120.2184,-1899,1449,33,0
34,34,srtm30m,2045.0000, 39.1397,-120.2172,-1899,1550,34,0
35,35,srtm30m,2040.0000, 39.1397,-120.2161,-1899,1649,35,0
36,36,srtm30m,2037.0000, 39.1397,-120.2149,-1899,1750,36,0
37,37,srtm30m,2039.0000, 39.1397,-120.2137,-1899,1849,37,0
38,38,srtm30m,2238.0000, 39.1406,-120.2566,-1800,-1850,0,1
39,39,srtm30m,2263.0000, 39.1406,-120.2554,-1800,-1750,1,1
40,40,srtm30m,2289.0000, 39.1406,-120.2543,-1800,-1649,2,1
41,41,srtm30m,2310.0000, 39.1406,-120.2531,-1800,-1550,3,1
42,42,srtm30m,2335.0000, 39.1406,-120.2520,-1800,-1449,4,1
43,43,srtm30m,2370.0000, 39.1406,-120.2508,-1800,-1350,5,1
44,44,srtm30m,2412.0000, 39.1406,-120.2496,-1800,-1249,6,1
45,45,srtm30m,2471.0000, 39.1406,-120.2485,-1800,-1150,7,1
46,46,srtm30m,2519.0000, 39.1406,-120.2473,-1800,-1049,8,1
47,47,srtm30m,2530.0000, 39.1406,-120.2462,-1800,-950,9,1
48,48,srtm30m,2472.0000, 39.1406,-120.2450,-1800,-849,10,1
49,49,srtm30m,2428.0000, 39.1406,-120.2439,-1800,-750,11,1
50,50,srtm30m,2341.0000, 39.1406,-120.2427,-1800,-649,12,1
51,51,srtm30m,2339.0000, 39.1406,-120.2415,-1800,-550,13,1
52,52,srtm30m,2318.0000, 39.1406,-120.2404,-1800,-449,14,1
53,53,srtm30m,2293.0000, 39.1406,-120.2392,-1800,-350,15,1
54,54,srtm30m,2278.0000, 39.1406,-120.2381,-1800,-249,16,1
55,55,srtm30m,2273.0000, 39.1406,-120.2369,-1800,-150,17,1
56,56,srtm30m,2255.0000, 39.1406,-120.2357,-1800,-49,18,1
57,57,srtm30m,2211.0000, 39.1406,-120.2346,-1800,49,19,1
58,58,srtm30m,2193.0000, 39.1406,-120.2334,-1800,150,20,1
59,59,srtm30m,2186.0000, 39.1406,-120.2323,-1800,249,21,1
60,60,srtm30m,2179.0000, 39.1406,-120.2311,-1800,350,22,1
61,61,srtm30m,2177.0000, 39.1406,-120.2300,-1800,449,23,1
62,62,srtm30m,2182.0000, 39.1406,-120.2288,-1800,550,24,1
63,63,srtm30m,2176.0000, 39.1406,-120.2276,-1800,649,25,1
64,64,srtm30m,2138.0000, 39.1406,-120.2265,-1800,750,26,1
65,65,srtm30m,2125.0000, 39.1406,-120.2253,-1800,849,27,1
66,66,srtm30m,2104.0000, 39.1406,-120.2242,-1800,950,28,1
67,67,srtm30m,2086.0000, 39.1406,-120.2230,-1800,1049,29,1
68,68,srtm30m,2076.0000, 39.1406,-120.2218,-1800,1150,30,1
69,69,srtm30m,2061.0000, 39.1406,-120.2207,-1800,1249,31,1
70,70,srtm30m,2054.0000, 39.1406,-120.2195,-1800,1350,32,1
71,71,srtm30m,2049.0000, 39.1406,-120.2184,-1800,1449,33,1
72,72,srtm30m,2046.0000, 39.1406,-120.2172,-1800,1550,34,1
73,73,srtm30m,2040.0000, 39.1406,-120.2161,-1800,1649,35,1
74,74,srtm30m,2041.0000, 39.1406,-120.2149,-1800,1750,36,1
75,75,srtm30m,2035.0000, 39.1406,-120.2137,-1800,1849,37,1
76,76,srtm30m,2241.0000, 39.1415,-120.2566,-1699,-1850,0,2
77,77,srtm30m,2267.0000, 39.1415,-120.2554,-1699,-1750,1,2
78,78,srtm30m,2305.0000, 39.1415,-120.2543,-1699,-1649,2,2
79,79,srtm30m,2338.0000, 39.1415,-120.2531,-1699,-1550,3,2
80,80,srtm30m,2360.0000, 39.1415,-120.2520,-1699,-1449,4,2
81,81,srtm30m,2384.0000, 39.1415,-120.2508,-1699,-1350,5,2
82,82,srtm30m,2406.0000, 39.1415,-120.2496,-1699,-1249,6,2
83,83,srtm30m,2465.0000, 39.1415,-120.2485,-1699,-1150,7,2
84,84,srtm30m,2507.0000, 39.1415,-120.2473,-1699,-1049,8,2
85,85,srtm30m,2529.0000, 39.1415,-120.2462,-1699,-950,9,2
86,86,srtm30m,2480.0000, 39.1415,-120.2450,-1699,-849,10,2
87,87,srtm30m,2424.0000, 39.1415,-120.2439,-1699,-750,11,2
88,88,srtm30m,2383.0000, 39.1415,-120.2427,-1699,-649,12,2
89,89,srtm30m,2341.0000, 39.1415,-120.2415,-1699,-550,13,2
90,90,srtm30m,2310.0000, 39.1415,-120.2404,-1699,-449,14,2
91,91,srtm30m,2289.0000, 39.1415,-120.2392,-1699,-350,15,2
92,92,srtm30m,2275.0000, 39.1415,-120.2381,-1699,-249,16,2
93,93,srtm30m,2254.0000, 39.1415,-120.2369,-1699,-150,17,2
94,94,srtm30m,2228.0000, 39.1415,-120.2357,-1699,-49,18,2
95,95,srtm30m,2207.0000, 39.1415,-120.2346,-1699,49,19,2
96,96,srtm30m,2187.0000, 39.1415,-120.2334,-1699,150,20,2
97,97,srtm30m,2185.0000, 39.1415,-120.2323,-1699,249,21,2
98,98,srtm30m,2173.0000, 39.1415,-120.2311,-1699,350,22,2
99,99,srtm30m,2167.0000, 39.1415,-120.2300,-1699,449,23,2
100,0,srtm30m,2163.0000, 39.1415,-120.2288,-1699,550,24,2
101,1,srtm30m,2149.0000, 39.1415,-120.2276,-1699,649,25,2
102,2,srtm30m,2137.0000, 39.1415,-120.2265,-1699,750,26,2
103,3,srtm30m,2129.0000, 39.1415,-120.2253,-1699,849,27,2
104,4,srtm30m,2111.0000, 39.1415,-120.2242,-1699,950,28,2
105,5,srtm30m,2090.0000, 39.1415,-120.2230,-1699,1049,29,2
106,6,srtm30m,2077.0000, 39.1415,-120.2218,-1699,1150,30,2
107,7,srtm30m,2067.0000, 39.1415,-120.2207,-1699,1249,31,2
108,8,srtm30m,2056.0000, 39.1415,-120.2195,-1699,1350,32,2
109,9,srtm30m,2051.0000, 39.1415,-120.2184,-1699,1449,33,2
110,10,srtm30m,2055.0000, 39.1415,-120.2172,-1699,1550,34,2
111,11,srtm30m,2051.0000, 39.1415,-120.2161,-1699,1649,35,2
112,12,srtm30m,2042.0000, 39.1415,-120.2149,-1699,1750,36,2
113,13,srtm30m,2039.0000, 39.1415,-120.2137,-1699,1849,37,2
114,14,srtm30m,2261.0000, 39.1424,-120.2566,-1599,-1850,0,3
115,15,srtm30m,2262.0000, 39.1424,-120.2554,-1599,-1750,1,3
116,16,srtm30m,2284.0000, 39.1424,-120.2543,-1599,-1649,2,3
117,17,srtm30m,2319.0000, 39.1424,-120.2531,-1599,-1550,3,3
118,18,srtm30m,2368.0000, 39.1424,-120.2520,-1599,-1449,4,3
119,19,srtm30m,2399.0000, 39.1424,-120.2508,-1599,-1350,5,3
120,20,srtm30m,2429.0000, 39.1424,-120.2496,-1599,-1249,6,3
121,21,srtm30m,2469.0000, 39.1424,-120.2485,-1599,-1150,7,3
122,22,srtm30m,2516.0000, 39.1424,-120.2473,-1599,-1049,8,3
123,23,srtm30m,2529.0000, 39.1424,-120.2462,-1599,-950,9,3
124,24,srtm30m,2487.0000, 39.1424,-120.2450,-1599,-849,10,3
125,25,srtm30m,2441.0000, 39.1424,-120.2439,-1599,-750,11,3
126,26,srtm30m,2396.0000, 39.1424,-120.2427,-1599,-649,12,3
127,27,srtm30m,2359.0000, 39.1424,-120.2415,-1599,-550,13,3
128,28,srtm30m,2330.0000, 39.1424,-120.2404,-1599,-449,14,3
129,29,srtm30m,2296.0000, 39.1424,-120.2392,-1599,-350,15,3
130,30,srtm30m,2263.0000, 39.1424,-120.2381,-1599,-249,16,3
131,31,srtm30m,2239.0000, 39.1424,-120.2369,-1599,-150,17,3
132,32,srtm30m,2225.0000, 39.1424,-120.2357,-1599,-49,18,3
133,33,srtm30m,2198.0000, 39.1424,-120.2346,-1599,49,19,3
134,34,srtm30m,2190.0000, 39.1424,-120.2334,-1599,150,20,3
135,35,srtm30m,2180.0000, 39.1424,-120.2323,-1599,249,21,3
136,36,srtm30m,2176.0000, 39.1424,-120.2311,-1599,350,22,3
137,37,srtm30m,2168.0000, 39.1424,-120.2300,-1599,449,23,3
138,38,srtm30m,2173.0000, 39.1424,-120.2288,-1599,550,24,3
139,39,srtm30m,2159.0000, 39.1424,-120.2276,-1599,649,25,3
140,40,srtm30m,2132.0000, 39.1424,-120.2265,-1599,750,26,3
141,41,srtm30m,2122.0000, 39.1424,-120.2253,-1599,849,27,3
142,42,srtm30m,2108.0000, 39.1424,-120.2242,-1599,950,28,3
143,43,srtm30m,2094.0000, 39.1424,-120.2230,-1599,1049,29,3
144,44,srtm30m,2081.0000, 39.1424,-120.2218,-1599,1150,30,3
145,45,srtm30m,2072.0000, 39.1424,-120.2207,-1599,1249,31,3
146,46,srtm30m,2064.0000, 39.1424,-120.2195,-1599,1350,32,3
147,47,srtm30m,2065.0000, 39.1424,-120.2184,-1599,1449,33,3
148,48,srtm30m,2065.0000, 39.1424,-120.2172,-1599,1550,34,3
149,49,srtm30m,2058.0000, 39.1424,-120.2161,-1599,1649,35,3
150,50,srtm30m,2046.0000, 39.1424,-120.2149,-1599,1750,36,3
151,51,srtm30m,2044.0000, 39.1424,-120.2137,-1599,1849,37,3
152,52,srtm30m,2287.0000, 39.1433,-120.2566,-1500,-1850,0,4
153,53,srtm30m,2305.0000, 39.1433,-120.2554,-1500,-1750,1,4
154,54,srtm30m,2314.0000, 39.1433,-120.2543,-1500,-1649,2,4
155,55,srtm30m,2298.0000, 39.1433,-120.2531,-1500,-1550,3,4
156,56,srtm30m,2346.0000, 39.1433,-120.2520,-1500,-1449,4,4
157,57,srtm30m,2396.0000, 39.1433,-120.2508,-1500,-1350,5,4
158,58,srtm30m,2437.0000, 39.1433,-120.2496,-1500,-1249,6,4
159,59,srtm30m,2480.0000, 39.1433,-120.2485,-1500,-1150,7,4
160,60,srtm30m,2524.0000, 39.1433,-120.2473,-1500,-1049,8,4
161,61,srtm30m,2529.0000, 39.1433,-120.2462,-1500,-950,9,4
162,62,srtm30m,2510.0000, 39.1433,-120.2450,-1500,-849,10,4
163,63,srtm30m,2462.0000, 39.1433,-120.2439,-1500,-750,11,4
164,64,srtm30m,2415.0000, 39.1433,-120.2427,-1500,-649,12,4
165,65,srtm30m,2368.0000, 39.1433,-120.2415,-1500,-550,13,4
166,66,srtm30m,2347.0000, 39.1433,-120.2404,-1500,-449,14,4
167,67,srtm30m,2310.0000, 39.1433,-120.2392,-1500,-350,15,4
168,68,srtm30m,2304.0000, 39.1433,-120.2381,-1500,-249,16,4
169,69,srtm30m,2254.0000, 39.1433,-120.2369,-1500,-150,17,4
170,70,srtm30m,2222.0000, 39.1433,-120.2357,-1500,-49,18,4
171,71,srtm30m,2198.0000, 39.1433,-120.2346,-1500,49,19,4
172,72,srtm30m,2198.0000, 39.1433,-120.2334,-1500,150,20,4
173,73,srtm30m,2190.0000, 39.1433,-120.2323,-1500,249,21,4
174,74,srtm30m,2188.0000, 39.1433,-120.2311,-1500,350,22,4
175,75,srtm30m,2186.0000, 39.1433,-120.2300,-1500,449,23,4
176,76,srtm30m,2178.0000, 39.1433,-120.2288,-1500,550,24,4
177,77,srtm30m,2165.0000, 39.1433,-120.2276,-1500,649,25,4
178,78,srtm30m,2149.0000, 39.1433,-120.2265,-1500,750,26,4
179,79,srtm30m,2132.0000, 39.1433,-120.2253,-1500,849,27,4
180,80,srtm30m,2117.0000, 39.1433,-120.2242,-1500,950,28,4
181,81,srtm30m,2106.0000, 39.1433,-120.2230,-1500,1049,29,4
182,82,srtm30m,2094.0000, 39.1433,-120.2218,-1500,1150,30,4
183,83,srtm30m,2084.0000, 39.1433,-120.2207,-1500,1249,31,4
184,84,srtm30m,2081.0000, 39.1433,-120.2195,-1500,1350,32,4
185,85,srtm30m,2088.0000, 39.1433,-120.2184,-1500,1449,33,4
186,86,srtm30m,2073.0000, 39.1433,-120.2172,-1500,1550,34,4
187,87,srtm30m,2069.0000, 39.1433,-120.2161,-1500,1649,35,4
188,88,srtm30m,2061.0000, 39.1433,-120.2149,-1500,1750,36,4
189,89,srtm30m,2059.0000, 39.1433,-120.2137,-1500,1849,37,4
190,90,srtm30m,2315.0000, 39.1442,-120.2566,-1399,-1850,0,5
191,91,srtm30m,2334.0000, 39.1442,-120.2554,-1399,-1750,1,5
192,92,srtm30m,2348.0000, 39.1442,-120.2543,-1399,-1649,2,5
193,93,srtm30m,2335.0000, 39.1442,-120.2531,-1399,-1550,3,5
194,94,srtm30m,2353.0000, 39.1442,-120.2520,-1399,-1449,4,5
195,95,srtm30m,2393.0000, 39.1442,-120.2508,-1399,-1350,5,5
196,96,srtm30m,2433.0000, 39.1442,-120.2496,-1399,-1249,6,5
197,97,srtm30m,2479.0000, 39.1442,-120.2485,-1399,-1150,7,5
198,98,srtm30m,2521.0000, 39.1442,-120.2473,-1399,-1049,8,5
199,99,srtm30m,2527.0000, 39.1442,-120.2462,-1399,-950,9,5
200,0,srtm30m,2468.0000, 39.1442,-120.2450,-1399,-849,10,5
201,1,srtm30m,2457.0000, 39.1442,-120.2439,-1399,-750,11,5
202,2,srtm30m,2423.0000, 39.1442,-120.2427,-1399,-649,12,5
203,3,srtm30m,2397.0000, 39.1442,-120.2415,-1399,-550,13,5
204,4,srtm30m,2389.0000, 39.1442,-120.2404,-1399,-449,14,5
205,5,srtm30m,2356.0000, 39.1442,-120.2392,-1399,-350,15,5
206,6,srtm30m,2311.0000, 39.1442,-120.2381,-1399,-249,16,5
207,7,srtm30m,2269.0000, 39.1442,-120.2369,-1399,-150,17,5
208,8,srtm30m,2235.0000, 39.1442,-120.2357,-1399,-49,18,5
209,9,srtm30m,2224.0000, 39.1442,-120.2346,-1399,49,19,5
210,10,srtm30m,2205.0000, 39.1442,-120.2334,-1399,150,20,5
211,11,srtm30m,2208.0000, 39.1442,-120.2323,-1399,249,21,5
212,12,srtm30m,2197.0000, 39.1442,-120.2311,-1399,350,22,5
213,13,srtm30m,2202.0000, 39.1442,-120.2300,-1399,449,23,5
214,14,srtm30m,2194.0000, 39.1442,-120.2288,-1399,550,24,5
215,15,srtm30m,2177.0000, 39.1442,-120.2276,-1399,649,25,5
216,16,srtm30m,2158.0000, 39.1442,-120.2265,-1399,750,26,5
217,17,srtm30m,2140.0000, 39.1442,-120.2253,-1399,849,27,5
218,18,srtm30m,2135.0000, 39.1442,-120.2242,-1399,950,28,5
219,19,srtm30m,2123.0000, 39.1442,-120.2230,-1399,1049,29,5
220,20,srtm30m,2103.0000, 39.1442,-120.2218,-1399,1150,30,5
221,21,srtm30m,2100.0000, 39.1442,-120.2207,-1399,1249,31,5
222,22,srtm30m,2095.0000, 39.1442,-120.2195,-1399,1350,32,5
223,23,srtm30m,2093.0000, 39.1442,-120.2184,-1399,1449,33,5
224,24,srtm30m,2082.0000, 39.1442,-120.2172,-1399,1550,34,5
225,25,srtm30m,2082.0000, 39.1442,-120.2161,-1399,1649,35,5
226,26,srtm30m,2078.0000, 39.1442,-120.2149,-1399,1750,36,5
227,27,srtm30m,2073.0000, 39.1442,-120.2137,-1399,1849,37,5
228,28,srtm30m,2323.0000, 39.1451,-120.2566,-1299,-1850,0,6
229,29,srtm30m,2348.0000, 39.1451,-120.2554,-1299,-1750,1,6
230,30,srtm30m,2374.0000, 39.1451,-120.2543,-1299,-1649,2,6
231,31,srtm30m,2368.0000, 39.1451,-120.2531,-1299,-1550,3,6
232,32,srtm30m,2369.0000, 39.1451,-120.2520,-1299,-1449,4,6
233,33,srtm30m,2398.0000, 39.1451,-120.2508,-1299,-1350,5,6
234,34,srtm30m,2443.0000, 39.1451,-120.2496,-1299,-1249,6,6
235,35,srtm30m,2482.0000, 39.1451,-120.2485,-1299,-1150,7,6
236,36,srtm30m,2533.0000, 39.1451,-120.2473,-1299,-1049,8,6
237,37,srtm30m,2531.0000, 39.1451,-120.2462,-1299,-950,9,6
238,38,srtm30m,2487.0000, 39.1451,-120.2450,-1299,-849,10,6
239,39,srtm30m,2465.0000, 39.1451,-120.2439,-1299,-750,11,6
240,40,srtm30m,2441.0000, 39.1451,-120.2427,-1299,-649,12,6
241,41,srtm30m,2432.0000, 39.1451,-120.2415,-1299,-550,13,6
242,42,srtm30m,2426.0000, 39.1451,-120.2404,-1299,-449,14,6
243,43,srtm30m,2404.0000, 39.1451,-120.2392,-1299,-350,15,6
244,44,srtm30m,2333.0000, 39.1451,-120.2381,-1299,-249,16,6
245,45,srtm30m,2307.0000, 39.1451,-120.2369,-1299,-150,17,6
246,46,srtm30m,2278.0000, 39.1451,-120.2357,-1299,-49,18,6
247,47,srtm30m,2250.0000, 39.1451,-120.2346,-1299,49,19,6
248,48,srtm30m,2228.0000, 39.1451,-120.2334,-1299,150,20,6
249,49,srtm30m,2214.0000, 39.1451,-120.2323,-1299,249,21,6
250,50,srtm30m,2211.0000, 39.1451,-120.2311,-1299,350,22,6
251,51,srtm30m,2221.0000, 39.1451,-120.2300,-1299,449,23,6
252,52,srtm30m,2212.0000, 39.1451,-120.2288,-1299,550,24,6
253,53,srtm30m,2196.0000, 39.1451,-120.2276,-1299,649,25,6
254,54,srtm30m,2170.0000, 39.1451,-120.2265,-1299,750,26,6
255,55,srtm30m,2152.0000, 39.1451,-120.2253,-1299,849,27,6
256,56,srtm30m,2140.0000, 39.1451,-120.2242,-1299,950,28,6
257,57,srtm30m,2132.0000, 39.1451,-120.2230,-1299,1049,29,6
258,58,srtm30m,2121.0000, 39.1451,-120.2218,-1299,1150,30,6
259,59,srtm30m,2111.0000, 39.1451,-120.2207,-1299,1249,31,6
260,60,srtm30m,2111.0000, 39.1451,-120.2195,-1299,1350,32,6
261,61,srtm30m,2110.0000, 39.1451,-120.2184,-1299,1449,33,6
262,62,srtm30m,2108.0000, 39.1451,-120.2172,-1299,1550,34,6
263,63,srtm30m,2097.0000, 39.1451,-120.2161,-1299,1649,35,6
264,64,srtm30m,2087.0000, 39.1451,-120.2149,-1299,1750,36,6
265,65,srtm30m,2093.0000, 39.1451,-120.2137,-1299,1849,37,6
266,66,srtm30m,2306.0000, 39.1460,-120.2566,-1200,-1850,0,7
267,67,srtm30m,2345.0000, 39.1460,-120.2554,-1200,-1750,1,7
268,68,srtm30m,2386.0000, 39.1460,-120.2543,-1200,-1649,2,7
269,69,srtm30m,2392.0000, 39.1460,-120.2531,-1200,-1550,3,7
270,70,srtm30m,2391.0000, 39.1460,-120.2520,-1200,-1449,4,7
271,71,srtm30m,2418.0000, 39.1460,-120.2508,-1200,-1350,5,7
272,72,srtm30m,2447.0000, 39.1460,-120.2496,-1200,-1249,6,7
273,73,srtm30m,2496.0000, 39.1460,-120.2485,-1200,-1150,7,7
274,74,srtm30m,2539.0000, 39.1460,-120.2473,-1200,-1049,8,7
275,75,srtm30m,2549.0000, 39.1460,-120.2462,-1200,-950,9,7
276,76,srtm30m,2515.0000, 39.1460,-120.2450,-1200,-849,10,7
277,77,srtm30m,2504.0000, 39.1460,-120.2439,-1200,-750,11,7
278,78,srtm30m,2463.0000, 39.1460,-120.2427,-1200,-649,12,7
279,79,srtm30m,2467.0000, 39.1460,-120.2415,-1200,-550,13,7
280,80,srtm30m,2474.0000, 39.1460,-120.2404,-1200,-449,14,7
281,81,srtm30m,2439.0000, 39.1460,-120.2392,-1200,-350,15,7
282,82,srtm30m,2393.0000, 39.1460,-120.2381,-1200,-249,16,7
283,83,srtm30m,2340.0000, 39.1460,-120.2369,-1200,-150,17,7
284,84,srtm30m,2312.0000, 39.1460,-120.2357,-1200,-49,18,7
285,85,srtm30m,2280.0000, 39.1460,-120.2346,-1200,49,19,7
286,86,srtm30m,2253.0000, 39.1460,-120.2334,-1200,150,20,7
287,87,srtm30m,2241.0000, 39.1460,-120.2323,-1200,249,21,7
288,88,srtm30m,2243.0000, 39.1460,-120.2311,-1200,350,22,7
289,89,srtm30m,2237.0000, 39.1460,-120.2300,-1200,449,23,7
290,90,srtm30m,2236.0000, 39.1460,-120.2288,-1200,550,24,7
291,91,srtm30m,2204.0000, 39.1460,-120.2276,-1200,649,25,7
292,92,srtm30m,2191.0000, 39.1460,-120.2265,-1200,750,26,7
293,93,srtm30m,2166.0000, 39.1460,-120.2253,-1200,849,27,7
294,94,srtm30m,2156.0000, 39.1460,-120.2242,-1200,950,28,7
295,95,srtm30m,2139.0000, 39.1460,-120.2230,-1200,1049,29,7
296,96,srtm30m,2133.0000, 39.1460,-120.2218,-1200,1150,30,7
297,97,srtm30m,2127.0000, 39.1460,-120.2207,-1200,1249,31,7
298,98,srtm30m,2123.0000, 39.1460,-120.2195,-1200,1350,32,7
299,99,srtm30m,2124.0000, 39.1460,-120.2184,-1200,1449,33,7
300,0,srtm30m,2121.0000, 39.1460,-120.2172,-1200,1550,34,7
301,1,srtm30m,2116.0000, 39.1460,-120.2161,-1200,1649,35,7
302,2,srtm30m,2107.0000, 39.1460,-120.2149,-1200,1750,36,7
303,3,srtm30m,2094.0000, 39.1460,-120.2137,-1200,1849,37,7
304,4,srtm30m,2313.0000, 39.1469,-120.2566,-1099,-1850,0,8
305,5,srtm30m,2343.0000, 39.1469,-120.2554,-1099,-1750,1,8
306,6,srtm30m,2376.0000, 39.1469,-120.2543,-1099,-1649,2,8
307,7,srtm30m,2412.0000, 39.1469,-120.2531,-1099,-1550,3,8
308,8,srtm30m,2432.0000, 39.1469,-120.2520,-1099,-1449,4,8
309,9,srtm30m,2442.0000, 39.1469,-120.2508,-1099,-1350,5,8
310,10,srtm30m,2475.0000, 39.1469,-120.2496,-1099,-1249,6,8
311,11,srtm30m,2519.0000, 39.1469,-120.2485,-1099,-1150,7,8
312,12,srtm30m,2564.0000, 39.1469,-120.2473,-1099,-1049,8,8
313,13,srtm30m,2584.0000, 39.1469,-120.2462,-1099,-950,9,8
314,14,srtm30m,2571.0000, 39.1469,-120.2450,-1099,-849,10,8
315,15,srtm30m,2532.0000, 39.1469,-120.2439,-1099,-750,11,8
316,16,srtm30m,2509.0000, 39.1469,-120.2427,-1099,-649,12,8
317,17,srtm30m,2511.0000, 39.1469,-120.2415,-1099,-550,13,8
318,18,srtm30m,2507.0000, 39.1469,-120.2404,-1099,-449,14,8
319,19,srtm30m,2465.0000, 39.1469,-120.2392,-1099,-350,15,8
320,20,srtm30m,2431.0000, 39.1469,-120.2381,-1099,-249,16,8
321,21,srtm30m,2388.0000, 39.1469,-120.2369,-1099,-150,17,8
322,22,srtm30m,2352.0000, 39.1469,-120.2357,-1099,-49,18,8
323,23,srtm30m,2332.0000, 39.1469,-120.2346,-1099,49,19,8
324,24,srtm30m,2298.0000, 39.1469,-120.2334,-1099,150,20,8
325,25,srtm30m,2280.0000, 39.1469,-120.2323,-1099,249,21,8
326,26,srtm30m,2272.0000, 39.1469,-120.2311,-1099,350,22,8
327,27,srtm30m,2269.0000, 39.1469,-120.2300,-1099,449,23,8
328,28,srtm30m,2256.0000, 39.1469,-120.2288,-1099,550,24,8
329,29,srtm30m,2236.0000, 39.1469,-120.2276,-1099,649,25,8
330,30,srtm30m,2206.0000, 39.1469,-120.2265,-1099,750,26,8
331,31,srtm30m,2188.0000, 39.1469,-120.2253,-1099,849,27,8
332,32,srtm30m,2159.0000, 39.1469,-120.2242,-1099,950,28,8
333,33,srtm30m,2148.0000, 39.1469,-120.2230,-1099,1049,29,8
334,34,srtm30m,2148.0000, 39.1469,-120.2218,-1099,1150,30,8
335,35,srtm30m,2136.0000, 39.1469,-120.2207,-1099,1249,31,8
336,36,srtm30m,2135.0000, 39.1469,-120.2195,-1099,1350,32,8
337,37,srtm30m,2132.0000, 39.1469,-120.2184,-1099,1449,33,8
338,38,srtm30m,2127.0000, 39.1469,-120.2172,-1099,1550,34,8
339,39,srtm30m,2128.0000, 39.1469,-120.2161,-1099,1649,35,8
340,40,srtm30m,2117.0000, 39.1469,-120.2149,-1099,1750,36,8
341,41,srtm30m,2107.0000, 39.1469,-120.2137,-1099,1849,37,8
342,42,srtm30m,2309.0000, 39.1478,-120.2566,-999,-1850,0,9
343,43,srtm30m,2328.0000, 39.1478,-120.2554,-999,-1750,1,9
344,44,srtm30m,2371.0000, 39.1478,-120.2543,-999,-1649,2,9
345,45,srtm30m,2409.0000, 39.1478,-120.2531,-999,-1550,3,9
346,46,srtm30m,2457.0000, 39.1478,-120.2520,-999,-1449,4,9
347,47,srtm30m,2479.0000, 39.1478,-120.2508,-999,-1350,5,9
348,48,srtm30m,2508.0000, 39.1478,-120.2496,-999,-1249,6,9
349,49,srtm30m,2537.0000, 39.1478,-120.2485,-999,-1150,7,9
350,50,srtm30m,2585.0000, 39.1478,-120.2473,-999,-1049,8,9
351,51,srtm30m,2624.0000, 39.1478,-120.2462,-999,-950,9,9
352,52,srtm30m,2604.0000, 39.1478,-120.2450,-999,-849,10,9
353,53,srtm30m,2574.0000, 39.1478,-120.2439,-999,-750,11,9
354,54,srtm30m,2562.0000, 39.1478,-120.2427,-999,-649,12,9
355,55,srtm30m,2539.0000, 39.1478,-120.2415,-999,-550,13,9
356,56,srtm30m,2524.0000, 39.1478,-120.2404,-999,-449,14,9
357,57,srtm30m,2507.0000, 39.1478,-120.2392,-999,-350,15,9
358,58,srtm30m,2486.0000, 39.1478,-120.2381,-999,-249,16,9
359,59,srtm30m,2450.0000, 39.1478,-120.2369,-999,-150,17,9
360,60,srtm30m,2403.0000, 39.1478,-120.2357,-999,-49,18,9
361,61,srtm30m,2368.0000, 39.1478,-120.2346,-999,49,19,9
362,62,srtm30m,2330.0000, 39.1478,-120.2334,-999,150,20,9
363,63,srtm30m,2295.0000, 39.1478,-120.2323,-999,249,21,9
364,64,srtm30m,2302.0000, 39.1478,-120.2311,-999,350,22,9
365,65,srtm30m,2294.0000, 39.1478,-120.2300,-999,449,23,9
366,66,srtm30m,2288.0000, 39.1478,-120.2288,-999,550,24,9
367,67,srtm30m,2255.0000, 39.1478,-120.2276,-999,649,25,9
368,68,srtm30m,2220.0000, 39.1478,-120.2265,-999,750,26,9
369,69,srtm30m,2185.0000, 39.1478,-120.2253,-999,849,27,9
370,70,srtm30m,2181.0000, 39.1478,-120.2242,-999,950,28,9
371,71,srtm30m,2176.0000, 39.1478,-120.2230,-999,1049,29,9
372,72,srtm30m,2170.0000, 39.1478,-120.2218,-999,1150,30,9
373,73,srtm30m,2164.0000, 39.1478,-120.2207,-999,1249,31,9
374,74,srtm30m,2156.0000, 39.1478,-120.2195,-999,1350,32,9
375,75,srtm30m,2149.0000, 39.1478,-120.2184,-999,1449,33,9
376,76,srtm30m,2144.0000, 39.1478,-120.2172,-999,1550,34,9
377,77,srtm30m,2146.0000, 39.1478,-120.2161,-999,1649,35,9
378,78,srtm30m,2133.0000, 39.1478,-120.2149,-999,1750,36,9
379,79,srtm30m,2122.0000, 39.1478,-120.2137,-999,1849,37,9
380,80,srtm30m,2301.0000, 39.1487,-120.2566,-900,-1850,0,10
381,81,srtm30m,2325.0000, 39.1487,-120.2554,-900,-1750,1,10
382,82,srtm30m,2373.0000, 39.1487,-120.2543,-900,-1649,2,10
383,83,srtm30m,2403.0000, 39.1487,-120.2531,-900,-1550,3,10
384,84,srtm30m,2459.0000, 39.1487,-120.2520,-900,-1449,4,10
385,85,srtm30m,2507.0000, 39.1487,-120.2508,-900,-1350,5,10
386,86,srtm30m,2536.0000, 39.1487,-120.2496,-900,-1249,6,10
387,87,srtm30m,2566.0000, 39.1487,-120.2485,-900,-1150,7,10
388,88,srtm30m,2594.0000, 39.1487,-120.2473,-900,-1049,8,10
389,89,srtm30m,2588.0000, 39.1487,-120.2462,-900,-950,9,10
390,90,srtm30m,2570.0000, 39.1487,-120.2450,-900,-849,10,10
391,91,srtm30m,2569.0000, 39.1487,-120.2439,-900,-750,11,10
392,92,srtm30m,2551.0000, 39.1487,-120.2427,-900,-649,12,10
393,93,srtm30m,2512.0000, 39.1487,-120.2415,-900,-550,13,10
394,94,srtm30m,2510.0000, 39.1487,-120.2404,-900,-449,14,10
395,95,srtm30m,2536.0000, 39.1487,-120.2392,-900,-350,15,10
396,96,srtm30m,2505.0000, 39.1487,-120.2381,-900,-249,16,10
397,97,srtm30m,2467.0000, 39.1487,-120.2369,-900,-150,17,10
398,98,srtm30m,2435.0000, 39.1487,-120.2357,-900,-49,18,10
399,99,srtm30m,2387.0000, 39.1487,-120.2346,-900,49,19,10
400,0,srtm30m,2354.0000, 39.1487,-120.2334,-900,150,20,10
401,1,srtm30m,2335.0000, 39.1487,-120.2323,-900,249,21,10
402,2,srtm30m,2329.0000, 39.1487,-120.2311,-900,350,22,10
403,3,srtm30m,2318.0000, 39.1487,-120.2300,-900,449,23,10
404,4,srtm30m,2303.0000, 39.1487,-120.2288,-900,550,24,10
405,5,srtm30m,2255.0000, 39.1487,-120.2276,-900,649,25,10
406,6,srtm30m,2220.0000, 39.1487,-120.2265,-900,750,26,10
407,7,srtm30m,2201.0000, 39.1487,-120.2253,-900,849,27,10
408,8,srtm30m,2207.0000, 39.1487,-120.2242,-900,950,28,10
409,9,srtm30m,2206.0000, 39.1487,-120.2230,-900,1049,29,10
410,10,srtm30m,2199.0000, 39.1487,-120.2218,-900,1150,30,10
411,11,srtm30m,2182.0000, 39.1487,-120.2207,-900,1249,31,10
412,12,srtm30m,2179.0000, 39.1487,-120.2195,-900,1350,32,10
413,13,srtm30m,2171.0000, 39.1487,-120.2184,-900,1449,33,10
414,14,srtm30m,2160.0000, 39.1487,-120.2172,-900,1550,34,10
415,15,srtm30m,2155.0000, 39.1487,-120.2161,-900,1649,35,10
416,16,srtm30m,2153.0000, 39.1487,-120.2149,-900,1750,36,10
417,17,srtm30m,2143.0000, 39.1487,-120.2137,-900,1849,37,10
418,18,srtm30m,2322.0000, 39.1496,-120.2566,-799,-1850,0,11
419,19,srtm30m,2343.0000, 39.1496,-120.2554,-799,-1750,1,11
420,20,srtm30m,2373.0000, 39.1496,-120.2543,-799,-1649,2,11
421,21,srtm30m,2409.0000, 39.1496,-120.2531,-799,-1550,3,11
422,22,srtm30m,2456.0000, 39.1496,-120.2520,-799,-1449,4,11
423,23,srtm30m,2504.0000, 39.1496,-120.2508,-799,-1350,5,11
424,24,srtm30m,2557.0000, 39.1496,-120.2496,-799,-1249,6,11
425,25,srtm30m,2588.0000, 39.1496,-120.2485,-799,-1150,7,11
426,26,srtm30m,2572.0000, 39.1496,-120.2473,-799,-1049,8,11
427,27,srtm30m,2536.0000, 39.1496,-120.2462,-799,-950,9,11
428,28,srtm30m,2533.0000, 39.1496,-120.2450,-799,-849,10,11
429,29,srtm30m,2513.0000, 39.1496,-120.2439,-799,-750,11,11
430,30,srtm30m,2473.0000, 39.1496,-120.2427,-799,-649,12,11
431,31,srtm30m,2449.0000, 39.1496,-120.2415,-799,-550,13,11
432,32,srtm30m,2462.0000, 39.1496,-120.2404,-799,-449,14,11
433,33,srtm30m,2493.0000, 39.1496,-120.2392,-799,-350,15,11
434,34,srtm30m,2486.0000, 39.1496,-120.2381,-799,-249,16,11
435,35,srtm30m,2464.0000, 39.1496,-120.2369,-799,-150,17,11
436,36,srtm30m,2442.0000, 39.1496,-120.2357,-799,-49,18,11
437,37,srtm30m,2415.0000, 39.1496,-120.2346,-799,49,19,11
438,38,srtm30m,2385.0000, 39.1496,-120.2334,-799,150,20,11
439,39,srtm30m,2357.0000, 39.1496,-120.2323,-799,249,21,11
440,40,srtm30m,2337.0000, 39.1496,-120.2311,-799,350,22,11
441,41,srtm30m,2315.0000, 39.1496,-120.2300,-799,449,23,11
442,42,srtm30m,2281.0000, 39.1496,-120.2288,-799,550,24,11
443,43,srtm30m,2245.0000, 39.1496,-120.2276,-799,649,25,11
444,44,srtm30m,2228.0000, 39.1496,-120.2265,-799,750,26,11
445,45,srtm30m,2239.0000, 39.1496,-120.2253,-799,849,27,11
446,46,srtm30m,2243.0000, 39.1496,-120.2242,-799,950,28,11
447,47,srtm30m,2245.0000, 39.1496,-120.2230,-799,1049,29,11
448,48,srtm30m,2233.0000, 39.1496,-120.2218,-799,1150,30,11
449,49,srtm30m,2216.0000, 39.1496,-120.2207,-799,1249,31,11
450,50,srtm30m,2204.0000, 39.1496,-120.2195,-799,1350,32,11
451,51,srtm30m,2191.0000, 39.1496,-120.2184,-799,1449,33,11
452,52,srtm30m,2183.0000, 39.1496,-120.2172,-799,1550,34,11
453,53,srtm30m,2171.0000, 39.1496,-120.2161,-799,1649,35,11
454,54,srtm30m,2171.0000, 39.1496,-120.2149,-799,1750,36,11
455,55,srtm30m,2163.0000, 39.1496,-120.2137,-799,1849,37,11
456,56,srtm30m,2322.0000, 39.1505,-120.2566,-699,-1850,0,12
457,57,srtm30m,2361.0000, 39.1505,-120.2554,-699,-1750,1,12
458,58,srtm30m,2380.0000, 39.1505,-120.2543,-699,-1649,2,12
459,59,srtm30m,2413.0000, 39.1505,-120.2531,-699,-1550,3,12
460,60,srtm30m,2446.0000, 39.1505,-120.2520,-699,-1449,4,12
461,61,srtm30m,2495.0000, 39.1505,-120.2508,-699,-1350,5,12
462,62,srtm30m,2546.0000, 39.1505,-120.2496,-699,-1249,6,12
463,63,srtm30m,2587.0000, 39.1505,-120.2485,-699,-1150,7,12
464,64,srtm30m,2548.0000, 39.1505,-120.2473,-699,-1049,8,12
465,65,srtm30m,2519.0000, 39.1505,-120.2462,-699,-950,9,12
466,66,srtm30m,2490.0000, 39.1505,-120.2450,-699,-849,10,12
467,67,srtm30m,2456.0000, 39.1505,-120.2439,-699,-750,11,12
468,68,srtm30m,2433.0000, 39.1505,-120.2427,-699,-649,12,12
469,69,srtm30m,2421.0000, 39.1505,-120.2415,-699,-550,13,12
470,70,srtm30m,2430.0000, 39.1505,-120.2404,-699,-449,14,12
471,71,srtm30m,2424.0000, 39.1505,-120.2392,-699,-350,15,12
472,72,srtm30m,2423.0000, 39.1505,-120.2381,-699,-249,16,12
473,73,srtm30m,2435.0000, 39.1505,-120.2369,-699,-150,17,12
474,74,srtm30m,2438.0000, 39.1505,-120.2357,-699,-49,18,12
475,75,srtm30m,2431.0000, 39.1505,-120.2346,-699,49,19,12
476,76,srtm30m,2415.0000, 39.1505,-120.2334,-699,150,20,12
477,77,srtm30m,2392.0000, 39.1505,-120.2323,-699,249,21,12
478,78,srtm30m,2338.0000, 39.1505,-120.2311,-699,350,22,12
479,79,srtm30m,2311.0000, 39.1505,-120.2300,-699,449,23,12
480,80,srtm30m,2283.0000, 39.1505,-120.2288,-699,550,24,12
481,81,srtm30m,2254.0000, 39.1505,-120.2276,-699,649,25,12
482,82,srtm30m,2258.0000, 39.1505,-120.2265,-699,750,26,12
483,83,srtm30m,2275.0000, 39.1505,-120.2253,-699,849,27,12
484,84,srtm30m,2287.0000, 39.1505,-120.2242,-699,950,28,12
485,85,srtm30m,2298.0000, 39.1505,-120.2230,-699,1049,29,12
486,86,srtm30m,2277.0000, 39.1505,-120.2218,-699,1150,30,12
487,87,srtm30m,2272.0000, 39.1505,-120.2207,-699,1249,31,12
488,88,srtm30m,2242.0000, 39.1505,-120.2195,-699,1350,32,12
489,89,srtm30m,2218.0000, 39.1505,-120.2184,-699,1449,33,12
490,90,srtm30m,2210.0000, 39.1505,-120.2172,-699,1550,34,12
491,91,srtm30m,2197.0000, 39.1505,-120.2161,-699,1649,35,12
492,92,srtm30m,2191.0000, 39.1505,-120.2149,-699,1750,36,12
493,93,srtm30m,2188.0000, 39.1505,-120.2137,-699,1849,37,12
494,94,srtm30m,2318.0000, 39.1514,-120.2566,-600,-1850,0,13
495,95,srtm30m,2332.0000, 39.1514,-120.2554,-600,-1750,1,13
496,96,srtm30m,2373.0000, 39.1514,-120.2543,-600,-1649,2,13
497,97,srtm30m,2410.0000, 39.1514,-120.2531,-600,-1550,3,13
498,98,srtm30m,2444.0000, 39.1514,-120.2520,-600,-1449,4,13
499,99,srtm30m,2492.0000, 39.1514,-120.2508,-600,-1350,5,13
500,0,srtm30m,2531.0000, 39.1514,-120.2496,-600,-1249,6,13
501,1,srtm30m,2575.0000, 39.1514,-120.2485,-600,-1150,7,13
502,2,srtm30m,2555.0000, 39.1514,-120.2473,-600,-1049,8,13
503,3,srtm30m,2510.0000, 39.1514,-120.2462,-600,-950,9,13
504,4,srtm30m,2467.0000, 39.1514,-120.2450,-600,-849,10,13
505,5,srtm30m,2436.0000, 39.1514,-120.2439,-600,-750,11,13
506,6,srtm30m,2432.0000, 39.1514,-120.2427,-600,-649,12,13
507,7,srtm30m,2420.0000, 39.1514,-120.2415,-600,-550,13,13
508,8,srtm30m,2411.0000, 39.1514,-120.2404,-600,-449,14,13
509,9,srtm30m,2385.0000, 39.1514,-120.2392,-600,-350,15,13
510,10,srtm30m,2364.0000, 39.1514,-120.2381,-600,-249,16,13
511,11,srtm30m,2373.0000, 39.1514,-120.2369,-600,-150,17,13
512,12,srtm30m,2410.0000, 39.1514,-120.2357,-600,-49,18,13
513,13,srtm30m,2426.0000, 39.1514,-120.2346,-600,49,19,13
514,14,srtm30m,2391.0000, 39.1514,-120.2334,-600,150,20,13
515,15,srtm30m,2354.0000, 39.1514,-120.2323,-600,249,21,13
516,16,srtm30m,2322.0000, 39.1514,-120.2311,-600,350,22,13
517,17,srtm30m,2278.0000, 39.1514,-120.2300,-600,449,23,13
518,18,srtm30m,2270.0000, 39.1514,-120.2288,-600,550,24,13
519,19,srtm30m,2275.0000, 39.1514,-120.2276,-600,649,25,13
520,20,srtm30m,2297.0000, 39.1514,-120.2265,-600,750,26,13
521,21,srtm30m,2314.0000, 39.1514,-120.2253,-600,849,27,13
522,22,srtm30m,2339.0000, 39.1514,-120.2242,-600,950,28,13
523,23,srtm30m,2335.0000, 39.1514,-120.2230,-600,1049,29,13
524,24,srtm30m,2333.0000, 39.1514,-120.2218,-600,1150,30,13
525,25,srtm30m,2311.0000, 39.1514,-120.2207,-600,1249,31,13
526,26,srtm30m,2296.0000, 39.1514,-120.2195,-600,1350,32,13
527,27,srtm30m,2257.0000, 39.1514,-120.2184,-600,1449,33,13
528,28,srtm30m,2246.0000, 39.1514,-120.2172,-600,1550,34,13
529,29,srtm30m,2226.0000, 39.1514,-120.2161,-600,1649,35,13
530,30,srtm30m,2214.0000, 39.1514,-120.2149,-600,1750,36,13
531,31,srtm30m,2200.0000, 39.1514,-120.2137,-600,1849,37,13
532,32,srtm30m,2361.0000, 39.1523,-120.2566,-500,-1850,0,14
533,33,srtm30m,2383.0000, 39.1523,-120.2554,-500,-1750,1,14
534,34,srtm30m,2400.0000, 39.1523,-120.2543,-500,-1649,2,14
535,35,srtm30m,2432.0000, 39.1523,-120.2531,-500,-1550,3,14
536,36,srtm30m,2453.0000, 39.1523,-120.2520,-500,-1449,4,14
537,37,srtm30m,2489.0000, 39.1523,-120.2508,-500,-1350,5,14
538,38,srtm30m,2525.0000, 39.1523,-120.2496,-500,-1249,6,14
539,39,srtm30m,2558.0000, 39.1523,-120.2485,-500,-1150,7,14
540,40,srtm30m,2549.0000, 39.1523,-120.2473,-500,-1049,8,14
541,41,srtm30m,2508.0000, 39.1523,-120.2462,-500,-950,9,14
542,42,srtm30m,2468.0000, 39.1523,-120.2450,-500,-849,10,14
543,43,srtm30m,2432.0000, 39.1523,-120.2439,-500,-750,11,14
544,44,srtm30m,2405.0000, 39.1523,-120.2427,-500,-649,12,14
545,45,srtm30m,2403.0000, 39.1523,-120.2415,-500,-550,13,14
546,46,srtm30m,2367.0000, 39.1523,-120.2404,-500,-449,14,14
547,47,srtm30m,2333.0000, 39.1523,-120.2392,-500,-350,15,14
548,48,srtm30m,2303.0000, 39.1523,-120.2381,-500,-249,16,14
549,49,srtm30m,2323.0000, 39.1523,-120.2369,-500,-150,17,14
550,50,srtm30m,2343.0000, 39.1523,-120.2357,-500,-49,18,14
551,51,srtm30m,2360.0000, 39.1523,-120.2346,-500,49,19,14
552,52,srtm30m,2357.0000, 39.1523,-120.2334,-500,150,20,14
553,53,srtm30m,2318.0000, 39.1523,-120.2323,-500,249,21,14
554,54,srtm30m,2279.0000, 39.1523,-120.2311,-500,350,22,14
555,55,srtm30m,2274.0000, 39.1523,-120.2300,-500,449,23,14
556,56,srtm30m,2282.0000, 39.1523,-120.2288,-500,550,24,14
557,57,srtm30m,2294.0000, 39.1523,-120.2276,-500,649,25,14
558,58,srtm30m,2318.0000, 39.1523,-120.2265,-500,750,26,14
559,59,srtm30m,2345.0000, 39.1523,-120.2253,-500,849,27,14
560,60,srtm30m,2364.0000, 39.1523,-120.2242,-500,950,28,14
561,61,srtm30m,2377.0000, 39.1523,-120.2230,-500,1049,29,14
562,62,srtm30m,2359.0000, 39.1523,-120.2218,-500,1150,30,14
563,63,srtm30m,2357.0000, 39.1523,-120.2207,-500,1249,31,14
564,64,srtm30m,2331.0000, 39.1523,-120.2195,-500,1350,32,14
565,65,srtm30m,2312.0000, 39.1523,-120.2184,-500,1449,33,14
566,66,srtm30m,2304.0000, 39.1523,-120.2172,-500,1550,34,14
567,67,srtm30m,2260.0000, 39.1523,-120.2161,-500,1649,35,14
568,68,srtm30m,2243.0000, 39.1523,-120.2149,-500,1750,36,14
569,69,srtm30m,2222.0000, 39.1523,-120.2137,-500,1849,37,14
570,70,srtm30m,2393.0000, 39.1532,-120.2566,-399,-1850,0,15
571,71,srtm30m,2421.0000, 39.1532,-120.2554,-399,-1750,1,15
572,72,srtm30m,2443.0000, 39.1532,-120.2543,-399,-1649,2,15
573,73,srtm30m,2458.0000, 39.1532,-120.2531,-399,-1550,3,15
574,74,srtm30m,2486.0000, 39.1532,-120.2520,-399,-1449,4,15
575,75,srtm30m,2505.0000, 39.1532,-120.2508,-399,-1350,5,15
576,76,srtm30m,2530.0000, 39.1532,-120.2496,-399,-1249,6,15
577,77,srtm30m,2543.0000, 39.1532,-120.2485,-399,-1150,7,15
578,78,srtm30m,2522.0000, 39.1532,-120.2473,-399,-1049,8,15
579,79,srtm30m,2514.0000, 39.1532,-120.2462,-399,-950,9,15
580,80,srtm30m,2478.0000, 39.1532,-120.2450,-399,-849,10,15
581,81,srtm30m,2434.0000, 39.1532,-120.2439,-399,-750,11,15
582,82,srtm30m,2406.0000, 39.1532,-120.2427,-399,-649,12,15
583,83,srtm30m,2361.0000, 39.1532,-120.2415,-399,-550,13,15
584,84,srtm30m,2340.0000, 39.1532,-120.2404,-399,-449,14,15
585,85,srtm30m,2308.0000, 39.1532,-120.2392,-399,-350,15,15
586,86,srtm30m,2286.0000, 39.1532,-120.2381,-399,-249,16,15
587,87,srtm30m,2293.0000, 39.1532,-120.2369,-399,-150,17,15
588,88,srtm30m,2304.0000, 39.1532,-120.2357,-399,-49,18,15
589,89,srtm30m,2310.0000, 39.1532,-120.2346,-399,49,19,15
590,90,srtm30m,2307.0000, 39.1532,-120.2334,-399,150,20,15
591,91,srtm30m,2301.0000, 39.1532,-120.2323,-399,249,21,15
592,92,srtm30m,2286.0000, 39.1532,-120.2311,-399,350,22,15
593,93,srtm30m,2276.0000, 39.1532,-120.2300,-399,449,23,15
594,94,srtm30m,2295.0000, 39.1532,-120.2288,-399,550,24,15
595,95,srtm30m,2304.0000, 39.1532,-120.2276,-399,649,25,15
596,96,srtm30m,2334.0000, 39.1532,-120.2265,-399,750,26,15
597,97,srtm30m,2364.0000, 39.1532,-120.2253,-399,849,27,15
598,98,srtm30m,2391.0000, 39.1532,-120.2242,-399,950,28,15
599,99,srtm30m,2417.0000, 39.1532,-120.2230,-399,1049,29,15
600,0,srtm30m,2418.0000, 39.1532,-120.2218,-399,1150,30,15
601,1,srtm30m,2396.0000, 39.1532,-120.2207,-399,1249,31,15
602,2,srtm30m,2384.0000, 39.1532,-120.2195,-399,1350,32,15
603,3,srtm30m,2369.0000, 39.1532,-120.2184,-399,1449,33,15
604,4,srtm30m,2347.0000, 39.1532,-120.2172,-399,1550,34,15
605,5,srtm30m,2304.0000, 39.1532,-120.2161,-399,1649,35,15
606,6,srtm30m,2288.0000, 39.1532,-120.2149,-399,1750,36,15
607,7,srtm30m,2252.0000, 39.1532,-120.2137,-399,1849,37,15
608,8,srtm30m,2413.0000, 39.1541,-120.2566,-300,-1850,0,16
609,9,srtm30m,2448.0000, 39.1541,-120.2554,-300,-1750,1,16
610,10,srtm30m,2477.0000, 39.1541,-120.2543,-300,-1649,2,16
611,11,srtm30m,2490.0000, 39.1541,-120.2531,-300,-1550,3,16
612,12,srtm30m,2515.0000, 39.1541,-120.2520,-300,-1449,4,16
613,13,srtm30m,2529.0000, 39.1541,-120.2508,-300,-1350,5,16
614,14,srtm30m,2539.0000, 39.1541,-120.2496,-300,-1249,6,16
615,15,srtm30m,2499.0000, 39.1541,-120.2485,-300,-1150,7,16
616,16,srtm30m,2490.0000, 39.1541,-120.2473,-300,-1049,8,16
617,17,srtm30m,2468.0000, 39.1541,-120.2462,-300,-950,9,16
618,18,srtm30m,2467.0000, 39.1541,-120.2450,-300,-849,10,16
619,19,srtm30m,2450.0000, 39.1541,-120.2439,-300,-750,11,16
620,20,srtm30m,2406.0000, 39.1541,-120.2427,-300,-649,12,16
621,21,srtm30m,2378.0000, 39.1541,-120.2415,-300,-550,13,16
622,22,srtm30m,2343.0000, 39.1541,-120.2404,-300,-449,14,16
623,23,srtm30m,2322.0000, 39.1541,-120.2392,-300,-350,15,16
624,24,srtm30m,2306.0000, 39.1541,-120.2381,-300,-249,16,16
625,25,srtm30m,2287.0000, 39.1541,-120.2369,-300,-150,17,16
626,26,srtm30m,2276.0000, 39.1541,-120.2357,-300,-49,18,16
627,27,srtm30m,2291.0000, 39.1541,-120.2346,-300,49,19,16
628,28,srtm30m,2294.0000, 39.1541,-120.2334,-300,150,20,16
629,29,srtm30m,2299.0000, 39.1541,-120.2323,-300,249,21,16
630,30,srtm30m,2294.0000, 39.1541,-120.2311,-300,350,22,16
631,31,srtm30m,2298.0000, 39.1541,-120.2300,-300,449,23,16
632,32,srtm30m,2303.0000, 39.1541,-120.2288,-300,550,24,16
633,33,srtm30m,2317.0000, 39.1541,-120.2276,-300,649,25,16
634,34,srtm30m,2346.0000, 39.1541,-120.2265,-300,750,26,16
635,35,srtm30m,2381.0000, 39.1541,-120.2253,-300,849,27,16
636,36,srtm30m,2416.0000, 39.1541,-120.2242,-300,950,28,16
637,37,srtm30m,2442.0000, 39.1541,-120.2230,-300,1049,29,16
638,38,srtm30m,2450.0000, 39.1541,-120.2218,-300,1150,30,16
639,39,srtm30m,2453.0000, 39.1541,-120.2207,-300,1249,31,16
640,40,srtm30m,2439.0000, 39.1541,-120.2195,-300,1350,32,16
641,41,srtm30m,2422.0000, 39.1541,-120.2184,-300,1449,33,16
642,42,srtm30m,2392.0000, 39.1541,-120.2172,-300,1550,34,16
643,43,srtm30m,2350.0000, 39.1541,-120.2161,-300,1649,35,16
644,44,srtm30m,2323.0000, 39.1541,-120.2149,-300,1750,36,16
645,45,srtm30m,2292.0000, 39.1541,-120.2137,-300,1849,37,16
646,46,srtm30m,2430.0000, 39.1550,-120.2566,-200,-1850,0,17
647,47,srtm30m,2453.0000, 39.1550,-120.2554,-200,-1750,1,17
648,48,srtm30m,2451.0000, 39.1550,-120.2543,-200,-1649,2,17
649,49,srtm30m,2470.0000, 39.1550,-120.2531,-200,-1550,3,17
650,50,srtm30m,2518.0000, 39.1550,-120.2520,-200,-1449,4,17
651,51,srtm30m,2551.0000, 39.1550,-120.2508,-200,-1350,5,17
652,52,srtm30m,2546.0000, 39.1550,-120.2496,-200,-1249,6,17
653,53,srtm30m,2466.0000, 39.1550,-120.2485,-200,-1150,7,17
654,54,srtm30m,2445.0000, 39.1550,-120.2473,-200,-1049,8,17
655,55,srtm30m,2434.0000, 39.1550,-120.2462,-200,-950,9,17
656,56,srtm30m,2435.0000, 39.1550,-120.2450,-200,-849,10,17
657,57,srtm30m,2419.0000, 39.1550,-120.2439,-200,-750,11,17
658,58,srtm30m,2379.0000, 39.1550,-120.2427,-200,-649,12,17
659,59,srtm30m,2385.0000, 39.1550,-120.2415,-200,-550,13,17
660,60,srtm30m,2350.0000, 39.1550,-120.2404,-200,-449,14,17
661,61,srtm30m,2331.0000, 39.1550,-120.2392,-200,-350,15,17
662,62,srtm30m,2313.0000, 39.1550,-120.2381,-200,-249,16,17
663,63,srtm30m,2281.0000, 39.1550,-120.2369,-200,-150,17,17
664,64,srtm30m,2262.0000, 39.1550,-120.2357,-200,-49,18,17
665,65,srtm30m,2265.0000, 39.1550,-120.2346,-200,49,19,17
666,66,srtm30m,2277.0000, 39.1550,-120.2334,-200,150,20,17
667,67,srtm30m,2293.0000, 39.1550,-120.2323,-200,249,21,17
668,68,srtm30m,2305.0000, 39.1550,-120.2311,-200,350,22,17
669,69,srtm30m,2310.0000, 39.1550,-120.2300,-200,449,23,17
670,70,srtm30m,2317.0000, 39.1550,-120.2288,-200,550,24,17
671,71,srtm30m,2335.0000, 39.1550,-120.2276,-200,649,25,17
672,72,srtm30m,2363.0000, 39.1550,-120.2265,-200,750,26,17
673,73,srtm30m,2393.0000, 39.1550,-120.2253,-200,849,27,17
674,74,srtm30m,2437.0000, 39.1550,-120.2242,-200,950,28,17
675,75,srtm30m,2473.0000, 39.1550,-120.2230,-200,1049,29,17
676,76,srtm30m,2493.0000, 39.1550,-120.2218,-200,1150,30,17
677,77,srtm30m,2491.0000, 39.1550,-120.2207,-200,1249,31,17
678,78,srtm30m,2482.0000, 39.1550,-120.2195,-200,1350,32,17
679,79,srtm30m,2454.0000, 39.1550,-120.2184,-200,1449,33,17
680,80,srtm30m,2427.0000, 39.1550,-120.2172,-200,1550,34,17
681,81,srtm30m,2403.0000, 39.1550,-120.2161,-200,1649,35,17
682,82,srtm30m,2347.0000, 39.1550,-120.2149,-200,1750,36,17
683,83,srtm30m,2332.0000, 39.1550,-120.2137,-200,1849,37,17
684,84,srtm30m,2415.0000, 39.1559,-120.2566,-99,-1850,0,18
685,85,srtm30m,2405.0000, 39.1559,-120.2554,-99,-1750,1,18
686,86,srtm30m,2428.0000, 39.1559,-120.2543,-99,-1649,2,18
687,87,srtm30m,2451.0000, 39.1559,-120.2531,-99,-1550,3,18
688,88,srtm30m,2502.0000, 39.1559,-120.2520,-99,-1449,4,18
689,89,srtm30m,2554.0000, 39.1559,-120.2508,-99,-1350,5,18
690,90,srtm30m,2562.0000, 39.1559,-120.2496,-99,-1249,6,18
691,91,srtm30m,2470.0000, 39.1559,-120.2485,-99,-1150,7,18
692,92,srtm30m,2425.0000, 39.1559,-120.2473,-99,-1049,8,18
693,93,srtm30m,2395.0000, 39.1559,-120.2462,-99,-950,9,18
694,94,srtm30m,2396.0000, 39.1559,-120.2450,-99,-849,10,18
695,95,srtm30m,2373.0000, 39.1559,-120.2439,-99,-750,11,18
696,96,srtm30m,2343.0000, 39.1559,-120.2427,-99,-649,12,18
697,97,srtm30m,2334.0000, 39.1559,-120.2415,-99,-550,13,18
698,98,srtm30m,2329.0000, 39.1559,-120.2404,-99,-449,14,18
699,99,srtm30m,2314.0000, 39.1559,-120.2392,-99,-350,15,18
700,0,srtm30m,2304.0000, 39.1559,-120.2381,-99,-249,16,18
701,1,srtm30m,2272.0000, 39.1559,-120.2369,-99,-150,17,18
702,2,srtm30m,2246.0000, 39.1559,-120.2357,-99,-49,18,18
703,3,srtm30m,2247.0000, 39.1559,-120.2346,-99,49,19,18
704,4,srtm30m,2260.0000, 39.1559,-120.2334,-99,150,20,18
705,5,srtm30m,2281.0000, 39.1559,-120.2323,-99,249,21,18
706,6,srtm30m,2308.0000, 39.1559,-120.2311,-99,350,22,18
707,7,srtm30m,2317.0000, 39.1559,-120.2300,-99,449,23,18
708,8,srtm30m,2337.0000, 39.1559,-120.2288,-99,550,24,18
709,9,srtm30m,2363.0000, 39.1559,-120.2276,-99,649,25,18
710,10,srtm30m,2383.0000, 39.1559,-120.2265,-99,750,26,18
711,11,srtm30m,2418.0000, 39.1559,-120.2253,-99,849,27,18
712,12,srtm30m,2460.0000, 39.1559,-120.2242,-99,950,28,18
713,13,srtm30m,2491.0000, 39.1559,-120.2230,-99,1049,29,18
714,14,srtm30m,2511.0000, 39.1559,-120.2218,-99,1150,30,18
715,15,srtm30m,2492.0000, 39.1559,-120.2207,-99,1249,31,18
716,16,srtm30m,2472.0000, 39.1559,-120.2195,-99,1350,32,18
717,17,srtm30m,2456.0000, 39.1559,-120.2184,-99,1449,33,18
718,18,srtm30m,2430.0000, 39.1559,-120.2172,-99,1550,34,18
719,19,srtm30m,2411.0000, 39.1559,-120.2161,-99,1649,35,18
720,20,srtm30m,2382.0000, 39.1559,-120.2149,-99,1750,36,18
721,21,srtm30m,2361.0000, 39.1559,-120.2137,-99,1849,37,18
722,22,srtm30m,2360.0000, 39.1568,-120.2566,0,-1850,0,19
723,23,srtm30m,2371.0000, 39.1568,-120.2554,0,-1750,1,19
724,24,srtm30m,2405.0000, 39.1568,-120.2543,0,-1649,2,19
725,25,srtm30m,2444.0000, 39.1568,-120.2531,0,-1550,3,19
726,26,srtm30m,2499.0000, 39.1568,-120.2520,0,-1449,4,19
727,27,srtm30m,2557.0000, 39.1568,-120.2508,0,-1350,5,19
728,28,srtm30m,2542.0000, 39.1568,-120.2496,0,-1249,6,19
729,29,srtm30m,2493.0000, 39.1568,-120.2485,0,-1150,7,19
730,30,srtm30m,2438.0000, 39.1568,-120.2473,0,-1049,8,19
731,31,srtm30m,2402.0000, 39.1568,-120.2462,0,-950,9,19
732,32,srtm30m,2377.0000, 39.1568,-120.2450,0,-849,10,19
733,33,srtm30m,2336.0000, 39.1568,-120.2439,0,-750,11,19
734,34,srtm30m,2310.0000, 39.1568,-120.2427,0,-649,12,19
735,35,srtm30m,2297.0000, 39.1568,-120.2415,0,-550,13,19
736,36,srtm30m,2299.0000, 39.1568,-120.2404,0,-449,14,19
737,37,srtm30m,2290.0000, 39.1568,-120.2392,0,-350,15,19
738,38,srtm30m,2280.0000, 39.1568,-120.2381,0,-249,16,19
739,39,srtm30m,2251.0000, 39.1568,-120.2369,0,-150,17,19
740,40,srtm30m,2229.0000, 39.1568,-120.2357,0,-49,18,19
741,41,srtm30m,2221.0000, 39.1568,-120.2346,0,49,19,19
742,42,srtm30m,2232.0000, 39.1568,-120.2334,0,150,20,19
743,43,srtm30m,2274.0000, 39.1568,-120.2323,0,249,21,19
744,44,srtm30m,2316.0000, 39.1568,-120.2311,0,350,22,19
745,45,srtm30m,2339.0000, 39.1568,-120.2300,0,449,23,19
746,46,srtm30m,2362.0000, 39.1568,-120.2288,0,550,24,19
747,47,srtm30m,2382.0000, 39.1568,-120.2276,0,649,25,19
748,48,srtm30m,2414.0000, 39.1568,-120.2265,0,750,26,19
749,49,srtm30m,2454.0000, 39.1568,-120.2253,0,849,27,19
750,50,srtm30m,2482.0000, 39.1568,-120.2242,0,950,28,19
751,51,srtm30m,2506.0000, 39.1568,-120.2230,0,1049,29,19
752,52,srtm30m,2512.0000, 39.1568,-120.2218,0,1150,30,19
753,53,srtm30m,2489.0000, 39.1568,-120.2207,0,1249,31,19
754,54,srtm30m,2459.0000, 39.1568,-120.2195,0,1350,32,19
755,55,srtm30m,2428.0000, 39.1568,-120.2184,0,1449,33,19
756,56,srtm30m,2414.0000, 39.1568,-120.2172,0,1550,34,19
757,57,srtm30m,2407.0000, 39.1568,-120.2161,0,1649,35,19
758,58,srtm30m,2384.0000, 39.1568,-120.2149,0,1750,36,19
759,59,srtm30m,2364.0000, 39.1568,-120.2137,0,1849,37,19
760,60,srtm30m,2350.0000, 39.1577,-120.2566,99,-1850,0,20
761,61,srtm30m,2367.0000, 39.1577,-120.2554,99,-1750,1,20
762,62,srtm30m,2397.0000, 39.1577,-120.2543,99,-1649,2,20
763,63,srtm30m,2444.0000, 39.1577,-120.2531,99,-1550,3,20
764,64,srtm30m,2499.0000, 39.1577,-120.2520,99,-1449,4,20
765,65,srtm30m,2546.0000, 39.1577,-120.2508,99,-1350,5,20
766,66,srtm30m,2521.0000, 39.1577,-120.2496,99,-1249,6,20
767,67,srtm30m,2470.0000, 39.1577,-120.2485,99,-1150,7,20
768,68,srtm30m,2458.0000, 39.1577,-120.2473,99,-1049,8,20
769,69,srtm30m,2393.0000, 39.1577,-120.2462,99,-950,9,20
770,70,srtm30m,2346.0000, 39.1577,-120.2450,99,-849,10,20
771,71,srtm30m,2297.0000, 39.1577,-120.2439,99,-750,11,20
772,72,srtm30m,2274.0000, 39.1577,-120.2427,99,-649,12,20
773,73,srtm30m,2270.0000, 39.1577,-120.2415,99,-550,13,20
774,74,srtm30m,2278.0000, 39.1577,-120.2404,99,-449,14,20
775,75,srtm30m,2262.0000, 39.1577,-120.2392,99,-350,15,20
776,76,srtm30m,2247.0000, 39.1577,-120.2381,99,-249,16,20
777,77,srtm30m,2218.0000, 39.1577,-120.2369,99,-150,17,20
778,78,srtm30m,2192.0000, 39.1577,-120.2357,99,-49,18,20
779,79,srtm30m,2198.0000, 39.1577,-120.2346,99,49,19,20
780,80,srtm30m,2222.0000, 39.1577,-120.2334,99,150,20,20
781,81,srtm30m,2276.0000, 39.1577,-120.2323,99,249,21,20
782,82,srtm30m,2323.0000, 39.1577,-120.2311,99,350,22,20
783,83,srtm30m,2359.0000, 39.1577,-120.2300,99,449,23,20
784,84,srtm30m,2385.0000, 39.1577,-120.2288,99,550,24,20
785,85,srtm30m,2405.0000, 39.1577,-120.2276,99,649,25,20
786,86,srtm30m,2443.0000, 39.1577,-120.2265,99,750,26,20
787,87,srtm30m,2474.0000, 39.1577,-120.2253,99,849,27,20
788,88,srtm30m,2503.0000, 39.1577,-120.2242,99,950,28,20
789,89,srtm30m,2517.0000, 39.1577,-120.2230,99,1049,29,20
790,90,srtm30m,2507.0000, 39.1577,-120.2218,99,1150,30,20
791,91,srtm30m,2473.0000, 39.1577,-120.2207,99,1249,31,20
792,92,srtm30m,2458.0000, 39.1577,-120.2195,99,1350,32,20
793,93,srtm30m,2439.0000, 39.1577,-120.2184,99,1449,33,20
794,94,srtm30m,2418.0000, 39.1577,-120.2172,99,1550,34,20
795,95,srtm30m,2392.0000, 39.1577,-120.2161,99,1649,35,20
796,96,srtm30m,2379.0000, 39.1577,-120.2149,99,1750,36,20
797,97,srtm30m,2332.0000, 39.1577,-120.2137,99,1849,37,20
798,98,srtm30m,2355.0000, 39.1586,-120.2566,200,-1850,0,21
799,99,srtm30m,2382.0000, 39.1586,-120.2554,200,-1750,1,21
800,0,srtm30m,2411.0000, 39.1586,-120.2543,200,-1649,2,21
801,1,srtm30m,2460.0000, 39.1586,-120.2531,200,-1550,3,21
802,2,srtm30m,2522.0000, 39.1586,-120.2520,200,-1449,4,21
803,3,srtm30m,2537.0000, 39.1586,-120.2508,200,-1350,5,21
804,4,srtm30m,2462.0000, 39.1586,-120.2496,200,-1249,6,21
805,5,srtm30m,2426.0000, 39.1586,-120.2485,200,-1150,7,21
806,6,srtm30m,2423.0000, 39.1586,-120.2473,200,-1049,8,21
807,7,srtm30m,2389.0000, 39.1586,-120.2462,200,-950,9,21
808,8,srtm30m,2296.0000, 39.1586,-120.2450,200,-849,10,21
809,9,srtm30m,2263.0000, 39.1586,-120.2439,200,-750,11,21
810,10,srtm30m,2244.0000, 39.1586,-120.2427,200,-649,12,21
811,11,srtm30m,2238.0000, 39.1586,-120.2415,200,-550,13,21
812,12,srtm30m,2240.0000, 39.1586,-120.2404,200,-449,14,21
813,13,srtm30m,2233.0000, 39.1586,-120.2392,200,-350,15,21
814,14,srtm30m,2221.0000, 39.1586,-120.2381,200,-249,16,21
815,15,srtm30m,2192.0000, 39.1586,-120.2369,200,-150,17,21
816,16,srtm30m,2168.0000, 39.1586,-120.2357,200,-49,18,21
817,17,srtm30m,2179.0000, 39.1586,-120.2346,200,49,19,21
818,18,srtm30m,2212.0000, 39.1586,-120.2334,200,150,20,21
819,19,srtm30m,2272.0000, 39.1586,-120.2323,200,249,21,21
820,20,srtm30m,2332.0000, 39.1586,-120.2311,200,350,22,21
821,21,srtm30m,2384.0000, 39.1586,-120.2300,200,449,23,21
822,22,srtm30m,2416.0000, 39.1586,-120.2288,200,550,24,21
823,23,srtm30m,2436.0000, 39.1586,-120.2276,200,649,25,21
824,24,srtm30m,2465.0000, 39.1586,-120.2265,200,750,26,21
825,25,srtm30m,2483.0000, 39.1586,-120.2253,200,849,27,21
826,26,srtm30m,2483.0000, 39.1586,-120.2242,200,950,28,21
827,27,srtm30m,2493.0000, 39.1586,-120.2230,200,1049,29,21
828,28,srtm30m,2491.0000, 39.1586,-120.2218,200,1150,30,21
829,29,srtm30m,2482.0000, 39.1586,-120.2207,200,1249,31,21
830,30,srtm30m,2475.0000, 39.1586,-120.2195,200,1350,32,21
831,31,srtm30m,2461.0000, 39.1586,-120.2184,200,1449,33,21
832,32,srtm30m,2439.0000, 39.1586,-120.2172,200,1550,34,21
833,33,srtm30m,2407.0000, 39.1586,-120.2161,200,1649,35,21
834,34,srtm30m,2372.0000, 39.1586,-120.2149,200,1750,36,21
835,35,srtm30m,2352.0000, 39.1586,-120.2137,200,1849,37,21
836,36,srtm30m,2365.0000, 39.1595,-120.2566,299,-1850,0,22
837,37,srtm30m,2408.0000, 39.1595,-120.2554,299,-1750,1,22
838,38,srtm30m,2445.0000, 39.1595,-120.2543,299,-1649,2,22
839,39,srtm30m,2496.0000, 39.1595,-120.2531,299,-1550,3,22
840,40,srtm30m,2538.0000, 39.1595,-120.2520,299,-1449,4,22
841,41,srtm30m,2526.0000, 39.1595,-120.2508,299,-1350,5,22
842,42,srtm30m,2442.0000, 39.1595,-120.2496,299,-1249,6,22
843,43,srtm30m,2401.0000, 39.1595,-120.2485,299,-1150,7,22
844,44,srtm30m,2396.0000, 39.1595,-120.2473,299,-1049,8,22
845,45,srtm30m,2363.0000, 39.1595,-120.2462,299,-950,9,22
846,46,srtm30m,2295.0000, 39.1595,-120.2450,299,-849,10,22
847,47,srtm30m,2244.0000, 39.1595,-120.2439,299,-750,11,22
848,48,srtm30m,2216.0000, 39.1595,-120.2427,299,-649,12,22
849,49,srtm30m,2201.0000, 39.1595,-120.2415,299,-550,13,22
850,50,srtm30m,2191.0000, 39.1595,-120.2404,299,-449,14,22
851,51,srtm30m,2209.0000, 39.1595,-120.2392,299,-350,15,22
852,52,srtm30m,2211.0000, 39.1595,-120.2381,299,-249,16,22
853,53,srtm30m,2180.0000, 39.1595,-120.2369,299,-150,17,22
854,54,srtm30m,2165.0000, 39.1595,-120.2357,299,-49,18,22
855,55,srtm30m,2172.0000, 39.1595,-120.2346,299,49,19,22
856,56,srtm30m,2216.0000, 39.1595,-120.2334,299,150,20,22
857,57,srtm30m,2261.0000, 39.1595,-120.2323,299,249,21,22
858,58,srtm30m,2329.0000, 39.1595,-120.2311,299,350,22,22
859,59,srtm30m,2402.0000, 39.1595,-120.2300,299,449,23,22
860,60,srtm30m,2443.0000, 39.1595,-120.2288,299,550,24,22
861,61,srtm30m,2464.0000, 39.1595,-120.2276,299,649,25,22
862,62,srtm30m,2476.0000, 39.1595,-120.2265,299,750,26,22
863,63,srtm30m,2451.0000, 39.1595,-120.2253,299,849,27,22
864,64,srtm30m,2436.0000, 39.1595,-120.2242,299,950,28,22
865,65,srtm30m,2428.0000, 39.1595,-120.2230,299,1049,29,22
866,66,srtm30m,2434.0000, 39.1595,-120.2218,299,1150,30,22
867,67,srtm30m,2446.0000, 39.1595,-120.2207,299,1249,31,22
868,68,srtm30m,2471.0000, 39.1595,-120.2195,299,1350,32,22
869,69,srtm30m,2471.0000, 39.1595,-120.2184,299,1449,33,22
870,70,srtm30m,2458.0000, 39.1595,-120.2172,299,1550,34,22
871,71,srtm30m,2418.0000, 39.1595,-120.2161,299,1649,35,22
872,72,srtm30m,2404.0000, 39.1595,-120.2149,299,1750,36,22
873,73,srtm30m,2378.0000, 39.1595,-120.2137,299,1849,37,22
874,74,srtm30m,2395.0000, 39.1604,-120.2566,399,-1850,0,23
875,75,srtm30m,2449.0000, 39.1604,-120.2554,399,-1750,1,23
876,76,srtm30m,2490.0000, 39.1604,-120.2543,399,-1649,2,23
877,77,srtm30m,2528.0000, 39.1604,-120.2531,399,-1550,3,23
878,78,srtm30m,2562.0000, 39.1604,-120.2520,399,-1449,4,23
879,79,srtm30m,2520.0000, 39.1604,-120.2508,399,-1350,5,23
880,80,srtm30m,2472.0000, 39.1604,-120.2496,399,-1249,6,23
881,81,srtm30m,2424.0000, 39.1604,-120.2485,399,-1150,7,23
882,82,srtm30m,2377.0000, 39.1604,-120.2473,399,-1049,8,23
883,83,srtm30m,2330.0000, 39.1604,-120.2462,399,-950,9,23
884,84,srtm30m,2245.0000, 39.1604,-120.2450,399,-849,10,23
885,85,srtm30m,2260.0000, 39.1604,-120.2439,399,-750,11,23
886,86,srtm30m,2206.0000, 39.1604,-120.2427,399,-649,12,23
887,87,srtm30m,2183.0000, 39.1604,-120.2415,399,-550,13,23
888,88,srtm30m,2164.0000, 39.1604,-120.2404,399,-449,14,23
889,89,srtm30m,2198.0000, 39.1604,-120.2392,399,-350,15,23
890,90,srtm30m,2206.0000, 39.1604,-120.2381,399,-249,16,23
891,91,srtm30m,2174.0000, 39.1604,-120.2369,399,-150,17,23
892,92,srtm30m,2153.0000, 39.1604,-120.2357,399,-49,18,23
893,93,srtm30m,2163.0000, 39.1604,-120.2346,399,49,19,23
894,94,srtm30m,2203.0000, 39.1604,-120.2334,399,150,20,23
895,95,srtm30m,2255.0000, 39.1604,-120.2323,399,249,21,23
896,96,srtm30m,2317.0000, 39.1604,-120.2311,399,350,22,23
897,97,srtm30m,2392.0000, 39.1604,-120.2300,399,449,23,23
898,98,srtm30m,2451.0000, 39.1604,-120.2288,399,550,24,23
899,99,srtm30m,2446.0000, 39.1604,-120.2276,399,649,25,23
900,0,srtm30m,2435.0000, 39.1604,-120.2265,399,750,26,23
901,1,srtm30m,2415.0000, 39.1604,-120.2253,399,849,27,23
902,2,srtm30m,2390.0000, 39.1604,-120.2242,399,950,28,23
903,3,srtm30m,2389.0000, 39.1604,-120.2230,399,1049,29,23
904,4,srtm30m,2395.0000, 39.1604,-120.2218,399,1150,30,23
905,5,srtm30m,2422.0000, 39.1604,-120.2207,399,1249,31,23
906,6,srtm30m,2469.0000, 39.1604,-120.2195,399,1350,32,23
907,7,srtm30m,2480.0000, 39.1604,-120.2184,399,1449,33,23
908,8,srtm30m,2471.0000, 39.1604,-120.2172,399,1550,34,23
909,9,srtm30m,2438.0000, 39.1604,-120.2161,399,1649,35,23
910,10,srtm30m,2413.0000, 39.1604,-120.2149,399,1750,36,23
911,11,srtm30m,2390.0000, 39.1604,-120.2137,399,1849,37,23
912,12,srtm30m,2437.0000, 39.1613,-120.2566,500,-1850,0,24
913,13,srtm30m,2477.0000, 39.1613,-120.2554,500,-1750,1,24
914,14,srtm30m,2518.0000, 39.1613,-120.2543,500,-1649,2,24
915,15,srtm30m,2560.0000, 39.1613,-120.2531,500,-1550,3,24
916,16,srtm30m,2545.0000, 39.1613,-120.2520,500,-1449,4,24
917,17,srtm30m,2507.0000, 39.1613,-120.2508,500,-1350,5,24
918,18,srtm30m,2493.0000, 39.1613,-120.2496,500,-1249,6,24
919,19,srtm30m,2451.0000, 39.1613,-120.2485,500,-1150,7,24
920,20,srtm30m,2407.0000, 39.1613,-120.2473,500,-1049,8,24
921,21,srtm30m,2335.0000, 39.1613,-120.2462,500,-950,9,24
922,22,srtm30m,2278.0000, 39.1613,-120.2450,500,-849,10,24
923,23,srtm30m,2236.0000, 39.1613,-120.2439,500,-750,11,24
924,24,srtm30m,2209.0000, 39.1613,-120.2427,500,-649,12,24
925,25,srtm30m,2181.0000, 39.1613,-120.2415,500,-550,13,24
926,26,srtm30m,2155.0000, 39.1613,-120.2404,500,-449,14,24
927,27,srtm30m,2178.0000, 39.1613,-120.2392,500,-350,15,24
928,28,srtm30m,2200.0000, 39.1613,-120.2381,500,-249,16,24
929,29,srtm30m,2162.0000, 39.1613,-120.2369,500,-150,17,24
930,30,srtm30m,2154.0000, 39.1613,-120.2357,500,-49,18,24
931,31,srtm30m,2180.0000, 39.1613,-120.2346,500,49,19,24
932,32,srtm30m,2215.0000, 39.1613,-120.2334,500,150,20,24
933,33,srtm30m,2268.0000, 39.1613,-120.2323,500,249,21,24
934,34,srtm30m,2346.0000, 39.1613,-120.2311,500,350,22,24
935,35,srtm30m,2419.0000, 39.1613,-120.2300,500,449,23,24
936,36,srtm30m,2440.0000, 39.1613,-120.2288,500,550,24,24
937,37,srtm30m,2419.0000, 39.1613,-120.2276,500,649,25,24
938,38,srtm30m,2390.0000, 39.1613,-120.2265,500,750,26,24
939,39,srtm30m,2370.0000, 39.1613,-120.2253,500,849,27,24
940,40,srtm30m,2365.0000, 39.1613,-120.2242,500,950,28,24
941,41,srtm30m,2368.0000, 39.1613,-120.2230,500,1049,29,24
942,42,srtm30m,2387.0000, 39.1613,-120.2218,500,1150,30,24
943,43,srtm30m,2420.0000, 39.1613,-120.2207,500,1249,31,24
944,44,srtm30m,2474.0000, 39.1613,-120.2195,500,1350,32,24
945,45,srtm30m,2487.0000, 39.1613,-120.2184,500,1449,33,24
946,46,srtm30m,2476.0000, 39.1613,-120.2172,500,1550,34,24
947,47,srtm30m,2455.0000, 39.1613,-120.2161,500,1649,35,24
948,48,srtm30m,2434.0000, 39.1613,-120.2149,500,1750,36,24
949,49,srtm30m,2413.0000, 39.1613,-120.2137,500,1849,37,24
950,50,srtm30m,2463.0000, 39.1622,-120.2566,600,-1850,0,25
951,51,srtm30m,2493.0000, 39.1622,-120.2554,600,-1750,1,25
952,52,srtm30m,2523.0000, 39.1622,-120.2543,600,-1649,2,25
953,53,srtm30m,2563.0000, 39.1622,-120.2531,600,-1550,3,25
954,54,srtm30m,2504.0000, 39.1622,-120.2520,600,-1449,4,25
955,55,srtm30m,2450.0000, 39.1622,-120.2508,600,-1350,5,25
956,56,srtm30m,2453.0000, 39.1622,-120.2496,600,-1249,6,25
957,57,srtm30m,2443.0000, 39.1622,-120.2485,600,-1150,7,25
958,58,srtm30m,2390.0000, 39.1622,-120.2473,600,-1049,8,25
959,59,srtm30m,2331.0000, 39.1622,-120.2462,600,-950,9,25
960,60,srtm30m,2280.0000, 39.1622,-120.2450,600,-849,10,25
961,61,srtm30m,2205.0000, 39.1622,-120.2439,600,-750,11,25
962,62,srtm30m,2201.0000, 39.1622,-120.2427,600,-649,12,25
963,63,srtm30m,2181.0000, 39.1622,-120.2415,600,-550,13,25
964,64,srtm30m,2156.0000, 39.1622,-120.2404,600,-449,14,25
965,65,srtm30m,2145.0000, 39.1622,-120.2392,600,-350,15,25
966,66,srtm30m,2152.0000, 39.1622,-120.2381,600,-249,16,25
967,67,srtm30m,2143.0000, 39.1622,-120.2369,600,-150,17,25
968,68,srtm30m,2150.0000, 39.1622,-120.2357,600,-49,18,25
969,69,srtm30m,2163.0000, 39.1622,-120.2346,600,49,19,25
970,70,srtm30m,2223.0000, 39.1622,-120.2334,600,150,20,25
971,71,srtm30m,2266.0000, 39.1622,-120.2323,600,249,21,25
972,72,srtm30m,2337.0000, 39.1622,-120.2311,600,350,22,25
973,73,srtm30m,2408.0000, 39.1622,-120.2300,600,449,23,25
974,74,srtm30m,2412.0000, 39.1622,-120.2288,600,550,24,25
975,75,srtm30m,2402.0000, 39.1622,-120.2276,600,649,25,25
976,76,srtm30m,2361.0000, 39.1622,-120.2265,600,750,26,25
977,77,srtm30m,2338.0000, 39.1622,-120.2253,600,849,27,25
978,78,srtm30m,2342.0000, 39.1622,-120.2242,600,950,28,25
979,79,srtm30m,2359.0000, 39.1622,-120.2230,600,1049,29,25
980,80,srtm30m,2380.0000, 39.1622,-120.2218,600,1150,30,25
981,81,srtm30m,2416.0000, 39.1622,-120.2207,600,1249,31,25
982,82,srtm30m,2476.0000, 39.1622,-120.2195,600,1350,32,25
983,83,srtm30m,2495.0000, 39.1622,-120.2184,600,1449,33,25
984,84,srtm30m,2477.0000, 39.1622,-120.2172,600,1550,34,25
985,85,srtm30m,2459.0000, 39.1622,-120.2161,600,1649,35,25
986,86,srtm30m,2434.0000, 39.1622,-120.2149,600,1750,36,25
987,87,srtm30m,2413.0000, 39.1622,-120.2137,600,1849,37,25
988,88,srtm30m,2436.0000, 39.1631,-120.2566,699,-1850,0,26
989,89,srtm30m,2480.0000, 39.1631,-120.2554,699,-1750,1,26
990,90,srtm30m,2515.0000, 39.1631,-120.2543,699,-1649,2,26
991,91,srtm30m,2535.0000, 39.1631,-120.2531,699,-1550,3,26
992,92,srtm30m,2469.0000, 39.1631,-120.2520,699,-1449,4,26
993,93,srtm30m,2415.0000, 39.1631,-120.2508,699,-1350,5,26
994,94,srtm30m,2425.0000, 39.1631,-120.2496,699,-1249,6,26
995,95,srtm30m,2428.0000, 39.1631,-120.2485,699,-1150,7,26
996,96,srtm30m,2391.0000, 39.1631,-120.2473,699,-1049,8,26
997,97,srtm30m,2329.0000, 39.1631,-120.2462,699,-950,9,26
998,98,srtm30m,2287.0000, 39.1631,-120.2450,699,-849,10,26
999,99,srtm30m,2244.0000, 39.1631,-120.2439,699,-750,11,26
1000,0,srtm30m,2186.0000, 39.1631,-120.2427,699,-649,12,26
1001,1,srtm30m,2156.0000, 39.1631,-120.2415,699,-550,13,26
1002,2,srtm30m,2142.0000, 39.1631,-120.2404,699,-449,14,26
1003,3,srtm30m,2124.0000, 39.1631,-120.2392,699,-350,15,26
1004,4,srtm30m,2124.0000, 39.1631,-120.2381,699,-249,16,26
1005,5,srtm30m,2130.0000, 39.1631,-120.2369,699,-150,17,26
1006,6,srtm30m,2138.0000, 39.1631,-120.2357,699,-49,18,26
1007,7,srtm30m,2165.0000, 39.1631,-120.2346,699,49,19,26
1008,8,srtm30m,2216.0000, 39.1631,-120.2334,699,150,20,26
1009,9,srtm30m,2262.0000, 39.1631,-120.2323,699,249,21,26
1010,10,srtm30m,2332.0000, 39.1631,-120.2311,699,350,22,26
1011,11,srtm30m,2364.0000, 39.1631,-120.2300,699,449,23,26
1012,12,srtm30m,2380.0000, 39.1631,-120.2288,699,550,24,26
1013,13,srtm30m,2387.0000, 39.1631,-120.2276,699,649,25,26
1014,14,srtm30m,2346.0000, 39.1631,-120.2265,699,750,26,26
1015,15,srtm30m,2318.0000, 39.1631,-120.2253,699,849,27,26
1016,16,srtm30m,2341.0000, 39.1631,-120.2242,699,950,28,26
1017,17,srtm30m,2351.0000, 39.1631,-120.2230,699,1049,29,26
1018,18,srtm30m,2376.0000, 39.1631,-120.2218,699,1150,30,26
1019,19,srtm30m,2415.0000, 39.1631,-120.2207,699,1249,31,26
1020,20,srtm30m,2469.0000, 39.1631,-120.2195,699,1350,32,26
1021,21,srtm30m,2489.0000, 39.1631,-120.2184,699,1449,33,26
1022,22,srtm30m,2468.0000, 39.1631,-120.2172,699,1550,34,26
1023,23,srtm30m,2449.0000, 39.1631,-120.2161,699,1649,35,26
1024,24,srtm30m,2423.0000, 39.1631,-120.2149,699,1750,36,26
1025,25,srtm30m,2397.0000, 39.1631,-120.2137,699,1849,37,26
1026,26,srtm30m,2438.0000, 39.1640,-120.2566,800,-1850,0,27
1027,27,srtm30m,2479.0000, 39.1640,-120.2554,800,-1750,1,27
1028,28,srtm30m,2526.0000, 39.1640,-120.2543,800,-1649,2,27
1029,29,srtm30m,2542.0000, 39.1640,-120.2531,800,-1550,3,27
1030,30,srtm30m,2491.0000, 39.1640,-120.2520,800,-1449,4,27
1031,31,srtm30m,2415.0000, 39.1640,-120.2508,800,-1350,5,27
1032,32,srtm30m,2415.0000, 39.1640,-120.2496,800,-1249,6,27
1033,33,srtm30m,2414.0000, 39.1640,-120.2485,800,-1150,7,27
1034,34,srtm30m,2391.0000, 39.1640,-120.2473,800,-1049,8,27
1035,35,srtm30m,2347.0000, 39.1640,-120.2462,800,-950,9,27
1036,36,srtm30m,2295.0000, 39.1640,-120.2450,800,-849,10,27
1037,37,srtm30m,2223.0000, 39.1640,-120.2439,800,-750,11,27
1038,38,srtm30m,2195.0000, 39.1640,-120.2427,800,-649,12,27
1039,39,srtm30m,2140.0000, 39.1640,-120.2415,800,-550,13,27
1040,40,srtm30m,2132.0000, 39.1640,-120.2404,800,-449,14,27
1041,41,srtm30m,2116.0000, 39.1640,-120.2392,800,-350,15,27
1042,42,srtm30m,2114.0000, 39.1640,-120.2381,800,-249,16,27
1043,43,srtm30m,2111.0000, 39.1640,-120.2369,800,-150,17,27
1044,44,srtm30m,2120.0000, 39.1640,-120.2357,800,-49,18,27
1045,45,srtm30m,2151.0000, 39.1640,-120.2346,800,49,19,27
1046,46,srtm30m,2195.0000, 39.1640,-120.2334,800,150,20,27
1047,47,srtm30m,2254.0000, 39.1640,-120.2323,800,249,21,27
1048,48,srtm30m,2302.0000, 39.1640,-120.2311,800,350,22,27
1049,49,srtm30m,2332.0000, 39.1640,-120.2300,800,449,23,27
1050,50,srtm30m,2359.0000, 39.1640,-120.2288,800,550,24,27
1051,51,srtm30m,2370.0000, 39.1640,-120.2276,800,649,25,27
1052,52,srtm30m,2338.0000, 39.1640,-120.2265,800,750,26,27
1053,53,srtm30m,2312.0000, 39.1640,-120.2253,800,849,27,27
1054,54,srtm30m,2326.0000, 39.1640,-120.2242,800,950,28,27
1055,55,srtm30m,2338.0000, 39.1640,-120.2230,800,1049,29,27
1056,56,srtm30m,2362.0000, 39.1640,-120.2218,800,1150,30,27
1057,57,srtm30m,2403.0000, 39.1640,-120.2207,800,1249,31,27
1058,58,srtm30m,2472.0000, 39.1640,-120.2195,800,1350,32,27
1059,59,srtm30m,2483.0000, 39.1640,-120.2184,800,1449,33,27
1060,60,srtm30m,2453.0000, 39.1640,-120.2172,800,1550,34,27
1061,61,srtm30m,2414.0000, 39.1640,-120.2161,800,1649,35,27
1062,62,srtm30m,2393.0000, 39.1640,-120.2149,800,1750,36,27
1063,63,srtm30m,2368.0000, 39.1640,-120.2137,800,1849,37,27
1064,64,srtm30m,2436.0000, 39.1649,-120.2566,900,-1850,0,28
1065,65,srtm30m,2483.0000, 39.1649,-120.2554,900,-1750,1,28
1066,66,srtm30m,2535.0000, 39.1649,-120.2543,900,-1649,2,28
1067,67,srtm30m,2553.0000, 39.1649,-120.2531,900,-1550,3,28
1068,68,srtm30m,2508.0000, 39.1649,-120.2520,900,-1449,4,28
1069,69,srtm30m,2472.0000, 39.1649,-120.2508,900,-1350,5,28
1070,70,srtm30m,2422.0000, 39.1649,-120.2496,900,-1249,6,28
1071,71,srtm30m,2415.0000, 39.1649,-120.2485,900,-1150,7,28
1072,72,srtm30m,2396.0000, 39.1649,-120.2473,900,-1049,8,28
1073,73,srtm30m,2373.0000, 39.1649,-120.2462,900,-950,9,28
1074,74,srtm30m,2297.0000, 39.1649,-120.2450,900,-849,10,28
1075,75,srtm30m,2258.0000, 39.1649,-120.2439,900,-750,11,28
1076,76,srtm30m,2202.0000, 39.1649,-120.2427,900,-649,12,28
1077,77,srtm30m,2158.0000, 39.1649,-120.2415,900,-550,13,28
1078,78,srtm30m,2121.0000, 39.1649,-120.2404,900,-449,14,28
1079,79,srtm30m,2108.0000, 39.1649,-120.2392,900,-350,15,28
1080,80,srtm30m,2105.0000, 39.1649,-120.2381,900,-249,16,28
1081,81,srtm30m,2106.0000, 39.1649,-120.2369,900,-150,17,28
1082,82,srtm30m,2116.0000, 39.1649,-120.2357,900,-49,18,28
1083,83,srtm30m,2138.0000, 39.1649,-120.2346,900,49,19,28
1084,84,srtm30m,2177.0000, 39.1649,-120.2334,900,150,20,28
1085,85,srtm30m,2207.0000, 39.1649,-120.2323,900,249,21,28
1086,86,srtm30m,2259.0000, 39.1649,-120.2311,900,350,22,28
1087,87,srtm30m,2292.0000, 39.1649,-120.2300,900,449,23,28
1088,88,srtm30m,2345.0000, 39.1649,-120.2288,900,550,24,28
1089,89,srtm30m,2368.0000, 39.1649,-120.2276,900,649,25,28
1090,90,srtm30m,2333.0000, 39.1649,-120.2265,900,750,26,28
1091,91,srtm30m,2295.0000, 39.1649,-120.2253,900,849,27,28
1092,92,srtm30m,2300.0000, 39.1649,-120.2242,900,950,28,28
1093,93,srtm30m,2315.0000, 39.1649,-120.2230,900,1049,29,28
1094,94,srtm30m,2354.0000, 39.1649,-120.2218,900,1150,30,28
1095,95,srtm30m,2401.0000, 39.1649,-120.2207,900,1249,31,28
1096,96,srtm30m,2455.0000, 39.1649,-120.2195,900,1350,32,28
1097,97,srtm30m,2459.0000, 39.1649,-120.2184,900,1449,33,28
1098,98,srtm30m,2437.0000, 39.1649,-120.2172,900,1550,34,28
1099,99,srtm30m,2403.0000, 39.1649,-120.2161,900,1649,35,28
1100,0,srtm30m,2370.0000, 39.1649,-120.2149,900,1750,36,28
1101,1,srtm30m,2348.0000, 39.1649,-120.2137,900,1849,37,28
1102,2,srtm30m,2426.0000, 39.1658,-120.2566,999,-1850,0,29
1103,3,srtm30m,2468.0000, 39.1658,-120.2554,999,-1750,1,29
1104,4,srtm30m,2510.0000, 39.1658,-120.2543,999,-1649,2,29
1105,5,srtm30m,2528.0000, 39.1658,-120.2531,999,-1550,3,29
1106,6,srtm30m,2522.0000, 39.1658,-120.2520,999,-1449,4,29
1107,7,srtm30m,2484.0000, 39.1658,-120.2508,999,-1350,5,29
1108,8,srtm30m,2448.0000, 39.1658,-120.2496,999,-1249,6,29
1109,9,srtm30m,2416.0000, 39.1658,-120.2485,999,-1150,7,29
1110,10,srtm30m,2383.0000, 39.1658,-120.2473,999,-1049,8,29
1111,11,srtm30m,2362.0000, 39.1658,-120.2462,999,-950,9,29
1112,12,srtm30m,2306.0000, 39.1658,-120.2450,999,-849,10,29
1113,13,srtm30m,2276.0000, 39.1658,-120.2439,999,-750,11,29
1114,14,srtm30m,2223.0000, 39.1658,-120.2427,999,-649,12,29
1115,15,srtm30m,2140.0000, 39.1658,-120.2415,999,-550,13,29
1116,16,srtm30m,2108.0000, 39.1658,-120.2404,999,-449,14,29
1117,17,srtm30m,2096.0000, 39.1658,-120.2392,999,-350,15,29
1118,18,srtm30m,2105.0000, 39.1658,-120.2381,999,-249,16,29
1119,19,srtm30m,2104.0000, 39.1658,-120.2369,999,-150,17,29
1120,20,srtm30m,2104.0000, 39.1658,-120.2357,999,-49,18,29
1121,21,srtm30m,2120.0000, 39.1658,-120.2346,999,49,19,29
1122,22,srtm30m,2142.0000, 39.1658,-120.2334,999,150,20,29
1123,23,srtm30m,2169.0000, 39.1658,-120.2323,999,249,21,29
1124,24,srtm30m,2206.0000, 39.1658,-120.2311,999,350,22,29
1125,25,srtm30m,2248.0000, 39.1658,-120.2300,999,449,23,29
1126,26,srtm30m,2323.0000, 39.1658,-120.2288,999,550,24,29
1127,27,srtm30m,2354.0000, 39.1658,-120.2276,999,649,25,29
1128,28,srtm30m,2314.0000, 39.1658,-120.2265,999,750,26,29
1129,29,srtm30m,2283.0000, 39.1658,-120.2253,999,849,27,29
1130,30,srtm30m,2280.0000, 39.1658,-120.2242,999,950,28,29
1131,31,srtm30m,2310.0000, 39.1658,-120.2230,999,1049,29,29
1132,32,srtm30m,2350.0000, 39.1658,-120.2218,999,1150,30,29
1133,33,srtm30m,2409.0000, 39.1658,-120.2207,999,1249,31,29
1134,34,srtm30m,2457.0000, 39.1658,-120.2195,999,1350,32,29
1135,35,srtm30m,2443.0000, 39.1658,-120.2184,999,1449,33,29
1136,36,srtm30m,2419.0000, 39.1658,-120.2172,999,1550,34,29
1137,37,srtm30m,2386.0000, 39.1658,-120.2161,999,1649,35,29
1138,38,srtm30m,2363.0000, 39.1658,-120.2149,999,1750,36,29
1139,39,srtm30m,2333.0000, 39.1658,-120.2137,999,1849,37,29
1140,40,srtm30m,2415.0000, 39.1666,-120.2566,1100,-1850,0,30
1141,41,srtm30m,2440.0000, 39.1666,-120.2554,1100,-1750,1,30
1142,42,srtm30m,2471.0000, 39.1666,-120.2543,1100,-1649,2,30
1143,43,srtm30m,2504.0000, 39.1666,-120.2531,1100,-1550,3,30
1144,44,srtm30m,2521.0000, 39.1666,-120.2520,1100,-1449,4,30
1145,45,srtm30m,2513.0000, 39.1666,-120.2508,1100,-1350,5,30
1146,46,srtm30m,2482.0000, 39.1666,-120.2496,1100,-1249,6,30
1147,47,srtm30m,2451.0000, 39.1666,-120.2485,1100,-1150,7,30
1148,48,srtm30m,2417.0000, 39.1666,-120.2473,1100,-1049,8,30
1149,49,srtm30m,2338.0000, 39.1666,-120.2462,1100,-950,9,30
1150,50,srtm30m,2288.0000, 39.1666,-120.2450,1100,-849,10,30
1151,51,srtm30m,2276.0000, 39.1666,-120.2439,1100,-750,11,30
1152,52,srtm30m,2236.0000, 39.1666,-120.2427,1100,-649,12,30
1153,53,srtm30m,2159.0000, 39.1666,-120.2415,1100,-550,13,30
1154,54,srtm30m,2112.0000, 39.1666,-120.2404,1100,-449,14,30
1155,55,srtm30m,2099.0000, 39.1666,-120.2392,1100,-350,15,30
1156,56,srtm30m,2104.0000, 39.1666,-120.2381,1100,-249,16,30
1157,57,srtm30m,2096.0000, 39.1666,-120.2369,1100,-150,17,30
1158,58,srtm30m,2100.0000, 39.1666,-120.2357,1100,-49,18,30
1159,59,srtm30m,2111.0000, 39.1666,-120.2346,1100,49,19,30
1160,60,srtm30m,2127.0000, 39.1666,-120.2334,1100,150,20,30
1161,61,srtm30m,2153.0000, 39.1666,-120.2323,1100,249,21,30
1162,62,srtm30m,2182.0000, 39.1666,-120.2311,1100,350,22,30
1163,63,srtm30m,2241.0000, 39.1666,-120.2300,1100,449,23,30
1164,64,srtm30m,2291.0000, 39.1666,-120.2288,1100,550,24,30
1165,65,srtm30m,2307.0000, 39.1666,-120.2276,1100,649,25,30
1166,66,srtm30m,2280.0000, 39.1666,-120.2265,1100,750,26,30
1167,67,srtm30m,2256.0000, 39.1666,-120.2253,1100,849,27,30
1168,68,srtm30m,2270.0000, 39.1666,-120.2242,1100,950,28,30
1169,69,srtm30m,2309.0000, 39.1666,-120.2230,1100,1049,29,30
1170,70,srtm30m,2352.0000, 39.1666,-120.2218,1100,1150,30,30
1171,71,srtm30m,2411.0000, 39.1666,-120.2207,1100,1249,31,30
1172,72,srtm30m,2450.0000, 39.1666,-120.2195,1100,1350,32,30
1173,73,srtm30m,2432.0000, 39.1666,-120.2184,1100,1449,33,30
1174,74,srtm30m,2380.0000, 39.1666,-120.2172,1100,1550,34,30
1175,75,srtm30m,2355.0000, 39.1666,-120.2161,1100,1649,35,30
1176,76,srtm30m,2341.0000, 39.1666,-120.2149,1100,1750,36,30
1177,77,srtm30m,2334.0000, 39.1666,-120.2137,1100,1849,37,30
1178,78,srtm30m,2391.0000, 39.1675,-120.2566,1200,-1850,0,31
1179,79,srtm30m,2416.0000, 39.1675,-120.2554,1200,-1750,1,31
1180,80,srtm30m,2451.0000, 39.1675,-120.2543,1200,-1649,2,31
1181,81,srtm30m,2477.0000, 39.1675,-120.2531,1200,-1550,3,31
1182,82,srtm30m,2500.0000, 39.1675,-120.2520,1200,-1449,4,31
1183,83,srtm30m,2485.0000, 39.1675,-120.2508,1200,-1350,5,31
1184,84,srtm30m,2469.0000, 39.1675,-120.2496,1200,-1249,6,31
1185,85,srtm30m,2465.0000, 39.1675,-120.2485,1200,-1150,7,31
1186,86,srtm30m,2419.0000, 39.1675,-120.2473,1200,-1049,8,31
1187,87,srtm30m,2357.0000, 39.1675,-120.2462,1200,-950,9,31
1188,88,srtm30m,2336.0000, 39.1675,-120.2450,1200,-849,10,31
1189,89,srtm30m,2276.0000, 39.1675,-120.2439,1200,-750,11,31
1190,90,srtm30m,2215.0000, 39.1675,-120.2427,1200,-649,12,31
1191,91,srtm30m,2149.0000, 39.1675,-120.2415,1200,-550,13,31
1192,92,srtm30m,2109.0000, 39.1675,-120.2404,1200,-449,14,31
1193,93,srtm30m,2092.0000, 39.1675,-120.2392,1200,-350,15,31
1194,94,srtm30m,2099.0000, 39.1675,-120.2381,1200,-249,16,31
1195,95,srtm30m,2090.0000, 39.1675,-120.2369,1200,-150,17,31
1196,96,srtm30m,2098.0000, 39.1675,-120.2357,1200,-49,18,31
1197,97,srtm30m,2104.0000, 39.1675,-120.2346,1200,49,19,31
1198,98,srtm30m,2128.0000, 39.1675,-120.2334,1200,150,20,31
1199,99,srtm30m,2151.0000, 39.1675,-120.2323,1200,249,21,31
1200,0,srtm30m,2186.0000, 39.1675,-120.2311,1200,350,22,31
1201,1,srtm30m,2232.0000, 39.1675,-120.2300,1200,449,23,31
1202,2,srtm30m,2264.0000, 39.1675,-120.2288,1200,550,24,31
1203,3,srtm30m,2260.0000, 39.1675,-120.2276,1200,649,25,31
1204,4,srtm30m,2244.0000, 39.1675,-120.2265,1200,750,26,31
1205,5,srtm30m,2236.0000, 39.1675,-120.2253,1200,849,27,31
1206,6,srtm30m,2259.0000, 39.1675,-120.2242,1200,950,28,31
1207,7,srtm30m,2292.0000, 39.1675,-120.2230,1200,1049,29,31
1208,8,srtm30m,2350.0000, 39.1675,-120.2218,1200,1150,30,31
1209,9,srtm30m,2415.0000, 39.1675,-120.2207,1200,1249,31,31
1210,10,srtm30m,2419.0000, 39.1675,-120.2195,1200,1350,32,31
1211,11,srtm30m,2390.0000, 39.1675,-120.2184,1200,1449,33,31
1212,12,srtm30m,2344.0000, 39.1675,-120.2172,1200,1550,34,31
1213,13,srtm30m,2316.0000, 39.1675,-120.2161,1200,1649,35,31
1214,14,srtm30m,2318.0000, 39.1675,-120.2149,1200,1750,36,31
1215,15,srtm30m,2320.0000, 39.1675,-120.2137,1200,1849,37,31
1216,16,srtm30m,2356.0000, 39.1684,-120.2566,1299,-1850,0,32
1217,17,srtm30m,2394.0000, 39.1684,-120.2554,1299,-1750,1,32
1218,18,srtm30m,2424.0000, 39.1684,-120.2543,1299,-1649,2,32
1219,19,srtm30m,2454.0000, 39.1684,-120.2531,1299,-1550,3,32
1220,20,srtm30m,2468.0000, 39.1684,-120.2520,1299,-1449,4,32
1221,21,srtm30m,2456.0000, 39.1684,-120.2508,1299,-1350,5,32
1222,22,srtm30m,2436.0000, 39.1684,-120.2496,1299,-1249,6,32
1223,23,srtm30m,2433.0000, 39.1684,-120.2485,1299,-1150,7,32
1224,24,srtm30m,2417.0000, 39.1684,-120.2473,1299,-1049,8,32
1225,25,srtm30m,2399.0000, 39.1684,-120.2462,1299,-950,9,32
1226,26,srtm30m,2380.0000, 39.1684,-120.2450,1299,-849,10,32
1227,27,srtm30m,2314.0000, 39.1684,-120.2439,1299,-750,11,32
1228,28,srtm30m,2228.0000, 39.1684,-120.2427,1299,-649,12,32
1229,29,srtm30m,2150.0000, 39.1684,-120.2415,1299,-550,13,32
1230,30,srtm30m,2112.0000, 39.1684,-120.2404,1299,-449,14,32
1231,31,srtm30m,2093.0000, 39.1684,-120.2392,1299,-350,15,32
1232,32,srtm30m,2091.0000, 39.1684,-120.2381,1299,-249,16,32
1233,33,srtm30m,2088.0000, 39.1684,-120.2369,1299,-150,17,32
1234,34,srtm30m,2098.0000, 39.1684,-120.2357,1299,-49,18,32
1235,35,srtm30m,2106.0000, 39.1684,-120.2346,1299,49,19,32
1236,36,srtm30m,2138.0000, 39.1684,-120.2334,1299,150,20,32
1237,37,srtm30m,2156.0000, 39.1684,-120.2323,1299,249,21,32
1238,38,srtm30m,2184.0000, 39.1684,-120.2311,1299,350,22,32
1239,39,srtm30m,2213.0000, 39.1684,-120.2300,1299,449,23,32
1240,40,srtm30m,2233.0000, 39.1684,-120.2288,1299,550,24,32
1241,41,srtm30m,2223.0000, 39.1684,-120.2276,1299,649,25,32
1242,42,srtm30m,2205.0000, 39.1684,-120.2265,1299,750,26,32
1243,43,srtm30m,2234.0000, 39.1684,-120.2253,1299,849,27,32
1244,44,srtm30m,2265.0000, 39.1684,-120.2242,1299,950,28,32
1245,45,srtm30m,2299.0000, 39.1684,-120.2230,1299,1049,29,32
1246,46,srtm30m,2351.0000, 39.1684,-120.2218,1299,1150,30,32
1247,47,srtm30m,2390.0000, 39.1684,-120.2207,1299,1249,31,32
1248,48,srtm30m,2392.0000, 39.1684,-120.2195,1299,1350,32,32
1249,49,srtm30m,2357.0000, 39.1684,-120.2184,1299,1449,33,32
1250,50,srtm30m,2309.0000, 39.1684,-120.2172,1299,1550,34,32
1251,51,srtm30m,2287.0000, 39.1684,-120.2161,1299,1649,35,32
1252,52,srtm30m,2286.0000, 39.1684,-120.2149,1299,1750,36,32
1253,53,srtm30m,2315.0000, 39.1684,-120.2137,1299,1849,37,32
1254,54,srtm30m,2330.0000, 39.1693,-120.2566,1400,-1850,0,33
1255,55,srtm30m,2362.0000, 39.1693,-120.2554,1400,-1750,1,33
1256,56,srtm30m,2396.0000, 39.1693,-120.2543,1400,-1649,2,33
1257,57,srtm30m,2430.0000, 39.1693,-120.2531,1400,-1550,3,33
1258,58,srtm30m,2442.0000, 39.1693,-120.2520,1400,-1449,4,33
1259,59,srtm30m,2420.0000, 39.1693,-120.2508,1400,-1350,5,33
1260,60,srtm30m,2406.0000, 39.1693,-120.2496,1400,-1249,6,33
1261,61,srtm30m,2406.0000, 39.1693,-120.2485,1400,-1150,7,33
1262,62,srtm30m,2383.0000, 39.1693,-120.2473,1400,-1049,8,33
1263,63,srtm30m,2368.0000, 39.1693,-120.2462,1400,-950,9,33
1264,64,srtm30m,2365.0000, 39.1693,-120.2450,1400,-849,10,33
1265,65,srtm30m,2325.0000, 39.1693,-120.2439,1400,-750,11,33
1266,66,srtm30m,2235.0000, 39.1693,-120.2427,1400,-649,12,33
1267,67,srtm30m,2175.0000, 39.1693,-120.2415,1400,-550,13,33
1268,68,srtm30m,2119.0000, 39.1693,-120.2404,1400,-449,14,33
1269,69,srtm30m,2095.0000, 39.1693,-120.2392,1400,-350,15,33
1270,70,srtm30m,2085.0000, 39.1693,-120.2381,1400,-249,16,33
1271,71,srtm30m,2085.0000, 39.1693,-120.2369,1400,-150,17,33
1272,72,srtm30m,2100.0000, 39.1693,-120.2357,1400,-49,18,33
1273,73,srtm30m,2103.0000, 39.1693,-120.2346,1400,49,19,33
1274,74,srtm30m,2125.0000, 39.1693,-120.2334,1400,150,20,33
1275,75,srtm30m,2143.0000, 39.1693,-120.2323,1400,249,21,33
1276,76,srtm30m,2166.0000, 39.1693,-120.2311,1400,350,22,33
1277,77,srtm30m,2172.0000, 39.1693,-120.2300,1400,449,23,33
1278,78,srtm30m,2194.0000, 39.1693,-120.2288,1400,550,24,33
1279,79,srtm30m,2174.0000, 39.1693,-120.2276,1400,649,25,33
1280,80,srtm30m,2181.0000, 39.1693,-120.2265,1400,750,26,33
1281,81,srtm30m,2224.0000, 39.1693,-120.2253,1400,849,27,33
1282,82,srtm30m,2277.0000, 39.1693,-120.2242,1400,950,28,33
1283,83,srtm30m,2327.0000, 39.1693,-120.2230,1400,1049,29,33
1284,84,srtm30m,2368.0000, 39.1693,-120.2218,1400,1150,30,33
1285,85,srtm30m,2365.0000, 39.1693,-120.2207,1400,1249,31,33
1286,86,srtm30m,2328.0000, 39.1693,-120.2195,1400,1350,32,33
1287,87,srtm30m,2314.0000, 39.1693,-120.2184,1400,1449,33,33
1288,88,srtm30m,2284.0000, 39.1693,-120.2172,1400,1550,34,33
1289,89,srtm30m,2265.0000, 39.1693,-120.2161,1400,1649,35,33
1290,90,srtm30m,2261.0000, 39.1693,-120.2149,1400,1750,36,33
1291,91,srtm30m,2301.0000, 39.1693,-120.2137,1400,1849,37,33
1292,92,srtm30m,2298.0000, 39.1702,-120.2566,1500,-1850,0,34
1293,93,srtm30m,2334.0000, 39.1702,-120.2554,1500,-1750,1,34
1294,94,srtm30m,2367.0000, 39.1702,-120.2543,1500,-1649,2,34
1295,95,srtm30m,2393.0000, 39.1702,-120.2531,1500,-1550,3,34
1296,96,srtm30m,2415.0000, 39.1702,-120.2520,1500,-1449,4,34
1297,97,srtm30m,2395.0000, 39.1702,-120.2508,1500,-1350,5,34
1298,98,srtm30m,2384.0000, 39.1702,-120.2496,1500,-1249,6,34
1299,99,srtm30m,2379.0000, 39.1702,-120.2485,1500,-1150,7,34
1300,0,srtm30m,2361.0000, 39.1702,-120.2473,1500,-1049,8,34
1301,1,srtm30m,2358.0000, 39.1702,-120.2462,1500,-950,9,34
1302,2,srtm30m,2347.0000, 39.1702,-120.2450,1500,-849,10,34
1303,3,srtm30m,2310.0000, 39.1702,-120.2439,1500,-750,11,34
1304,4,srtm30m,2235.0000, 39.1702,-120.2427,1500,-649,12,34
1305,5,srtm30m,2173.0000, 39.1702,-120.2415,1500,-550,13,34
1306,6,srtm30m,2119.0000, 39.1702,-120.2404,1500,-449,14,34
1307,7,srtm30m,2097.0000, 39.1702,-120.2392,1500,-350,15,34
1308,8,srtm30m,2081.0000, 39.1702,-120.2381,1500,-249,16,34
1309,9,srtm30m,2079.0000, 39.1702,-120.2369,1500,-150,17,34
1310,10,srtm30m,2090.0000, 39.1702,-120.2357,1500,-49,18,34
1311,11,srtm30m,2098.0000, 39.1702,-120.2346,1500,49,19,34
1312,12,srtm30m,2107.0000, 39.1702,-120.2334,1500,150,20,34
1313,13,srtm30m,2116.0000, 39.1702,-120.2323,1500,249,21,34
1314,14,srtm30m,2131.0000, 39.1702,-120.2311,1500,350,22,34
1315,15,srtm30m,2133.0000, 39.1702,-120.2300,1500,449,23,34
1316,16,srtm30m,2139.0000, 39.1702,-120.2288,1500,550,24,34
1317,17,srtm30m,2137.0000, 39.1702,-120.2276,1500,649,25,34
1318,18,srtm30m,2147.0000, 39.1702,-120.2265,1500,750,26,34
1319,19,srtm30m,2205.0000, 39.1702,-120.2253,1500,849,27,34
1320,20,srtm30m,2265.0000, 39.1702,-120.2242,1500,950,28,34
1321,21,srtm30m,2316.0000, 39.1702,-120.2230,1500,1049,29,34
1322,22,srtm30m,2371.0000, 39.1702,-120.2218,1500,1150,30,34
1323,23,srtm30m,2344.0000, 39.1702,-120.2207,1500,1249,31,34
1324,24,srtm30m,2304.0000, 39.1702,-120.2195,1500,1350,32,34
1325,25,srtm30m,2259.0000, 39.1702,-120.2184,1500,1449,33,34
1326,26,srtm30m,2247.0000, 39.1702,-120.2172,1500,1550,34,34
1327,27,srtm30m,2230.0000, 39.1702,-120.2161,1500,1649,35,34
1328,28,srtm30m,2245.0000, 39.1702,-120.2149,1500,1750,36,34
1329,29,srtm30m,2291.0000, 39.1702,-120.2137,1500,1849,37,34
1330,30,srtm30m,2287.0000, 39.1711,-120.2566,1599,-1850,0,35
1331,31,srtm30m,2318.0000, 39.1711,-120.2554,1599,-1750,1,35
1332,32,srtm30m,2343.0000, 39.1711,-120.2543,1599,-1649,2,35
1333,33,srtm30m,2365.0000, 39.1711,-120.2531,1599,-1550,3,35
1334,34,srtm30m,2388.0000, 39.1711,-120.2520,1599,-1449,4,35
1335,35,srtm30m,2372.0000, 39.1711,-120.2508,1599,-1350,5,35
1336,36,srtm30m,2358.0000, 39.1711,-120.2496,1599,-1249,6,35
1337,37,srtm30m,2344.0000, 39.1711,-120.2485,1599,-1150,7,35
1338,38,srtm30m,2338.0000, 39.1711,-120.2473,1599,-1049,8,35
1339,39,srtm30m,2353.0000, 39.1711,-120.2462,1599,-950,9,35
1340,40,srtm30m,2315.0000, 39.1711,-120.2450,1599,-849,10,35
1341,41,srtm30m,2284.0000, 39.1711,-120.2439,1599,-750,11,35
1342,42,srtm30m,2198.0000, 39.1711,-120.2427,1599,-649,12,35
1343,43,srtm30m,2170.0000, 39.1711,-120.2415,1599,-550,13,35
1344,44,srtm30m,2119.0000, 39.1711,-120.2404,1599,-449,14,35
1345,45,srtm30m,2099.0000, 39.1711,-120.2392,1599,-350,15,35
1346,46,srtm30m,2069.0000, 39.1711,-120.2381,1599,-249,16,35
1347,47,srtm30m,2064.0000, 39.1711,-120.2369,1599,-150,17,35
1348,48,srtm30m,2075.0000, 39.1711,-120.2357,1599,-49,18,35
1349,49,srtm30m,2083.0000, 39.1711,-120.2346,1599,49,19,35
1350,50,srtm30m,2104.0000, 39.1711,-120.2334,1599,150,20,35
1351,51,srtm30m,2097.0000, 39.1711,-120.2323,1599,249,21,35
1352,52,srtm30m,2092.0000, 39.1711,-120.2311,1599,350,22,35
1353,53,srtm30m,2102.0000, 39.1711,-120.2300,1599,449,23,35
1354,54,srtm30m,2104.0000, 39.1711,-120.2288,1599,550,24,35
1355,55,srtm30m,2117.0000, 39.1711,-120.2276,1599,649,25,35
1356,56,srtm30m,2139.0000, 39.1711,-120.2265,1599,750,26,35
1357,57,srtm30m,2173.0000, 39.1711,-120.2253,1599,849,27,35
1358,58,srtm30m,2224.0000, 39.1711,-120.2242,1599,950,28,35
1359,59,srtm30m,2297.0000, 39.1711,-120.2230,1599,1049,29,35
1360,60,srtm30m,2346.0000, 39.1711,-120.2218,1599,1150,30,35
1361,61,srtm30m,2334.0000, 39.1711,-120.2207,1599,1249,31,35
1362,62,srtm30m,2244.0000, 39.1711,-120.2195,1599,1350,32,35
1363,63,srtm30m,2215.0000, 39.1711,-120.2184,1599,1449,33,35
1364,64,srtm30m,2208.0000, 39.1711,-120.2172,1599,1550,34,35
1365,65,srtm30m,2195.0000, 39.1711,-120.2161,1599,1649,35,35
1366,66,srtm30m,2220.0000, 39.1711,-120.2149,1599,1750,36,35
1367,67,srtm30m,2275.0000, 39.1711,-120.2137,1599,1849,37,35
1368,68,srtm30m,2280.0000, 39.1720,-120.2566,1699,-1850,0,36
1369,69,srtm30m,2302.0000, 39.1720,-120.2554,1699,-1750,1,36
1370,70,srtm30m,2328.0000, 39.1720,-120.2543,1699,-1649,2,36
1371,71,srtm30m,2352.0000, 39.1720,-120.2531,1699,-1550,3,36
1372,72,srtm30m,2361.0000, 39.1720,-120.2520,1699,-1449,4,36
1373,73,srtm30m,2347.0000, 39.1720,-120.2508,1699,-1350,5,36
1374,74,srtm30m,2328.0000, 39.1720,-120.2496,1699,-1249,6,36
1375,75,srtm30m,2328.0000, 39.1720,-120.2485,1699,-1150,7,36
1376,76,srtm30m,2325.0000, 39.1720,-120.2473,1699,-1049,8,36
1377,77,srtm30m,2328.0000, 39.1720,-120.2462,1699,-950,9,36
1378,78,srtm30m,2293.0000, 39.1720,-120.2450,1699,-849,10,36
1379,79,srtm30m,2236.0000, 39.1720,-120.2439,1699,-750,11,36
1380,80,srtm30m,2169.0000, 39.1720,-120.2427,1699,-649,12,36
1381,81,srtm30m,2125.0000, 39.1720,-120.2415,1699,-550,13,36
1382,82,srtm30m,2109.0000, 39.1720,-120.2404,1699,-449,14,36
1383,83,srtm30m,2092.0000, 39.1720,-120.2392,1699,-350,15,36
1384,84,srtm30m,2072.0000, 39.1720,-120.2381,1699,-249,16,36
1385,85,srtm30m,2051.0000, 39.1720,-120.2369,1699,-150,17,36
1386,86,srtm30m,2048.0000, 39.1720,-120.2357,1699,-49,18,36
1387,87,srtm30m,2064.0000, 39.1720,-120.2346,1699,49,19,36
1388,88,srtm30m,2082.0000, 39.1720,-120.2334,1699,150,20,36
1389,89,srtm30m,2087.0000, 39.1720,-120.2323,1699,249,21,36
1390,90,srtm30m,2080.0000, 39.1720,-120.2311,1699,350,22,36
1391,91,srtm30m,2082.0000, 39.1720,-120.2300,1699,449,23,36
1392,92,srtm30m,2086.0000, 39.1720,-120.2288,1699,550,24,36
1393,93,srtm30m,2095.0000, 39.1720,-120.2276,1699,649,25,36
1394,94,srtm30m,2130.0000, 39.1720,-120.2265,1699,750,26,36
1395,95,srtm30m,2157.0000, 39.1720,-120.2253,1699,849,27,36
1396,96,srtm30m,2196.0000, 39.1720,-120.2242,1699,950,28,36
1397,97,srtm30m,2240.0000, 39.1720,-120.2230,1699,1049,29,36
1398,98,srtm30m,2290.0000, 39.1720,-120.2218,1699,1150,30,36
1399,99,srtm30m,2292.0000, 39.1720,-120.2207,1699,1249,31,36
1400,0,srtm30m,2210.0000, 39.1720,-120.2195,1699,1350,32,36
1401,1,srtm30m,2166.0000, 39.1720,-120.2184,1699,1449,33,36
1402,2,srtm30m,2173.0000, 39.1720,-120.2172,1699,1550,34,36
1403,3,srtm30m,2164.0000, 39.1720,-120.2161,1699,1649,35,36
1404,4,srtm30m,2190.0000, 39.1720,-120.2149,1699,1750,36,36
1405,5,srtm30m,2236.0000, 39.1720,-120.2137,1699,1849,37,36
1406,6,srtm30m,2269.0000, 39.1729,-120.2566,1800,-1850,0,37
1407,7,srtm30m,2286.0000, 39.1729,-120.2554,1800,-1750,1,37
1408,8,srtm30m,2316.0000, 39.1729,-120.2543,1800,-1649,2,37
1409,9,srtm30m,2335.0000, 39.1729,-120.2531,1800,-1550,3,37
1410,10,srtm30m,2332.0000, 39.1729,-120.2520,1800,-1449,4,37
1411,11,srtm30m,2316.0000, 39.1729,-120.2508,1800,-1350,5,37
1412,12,srtm30m,2312.0000, 39.1729,-120.2496,1800,-1249,6,37
1413,13,srtm30m,2311.0000, 39.1729,-120.2485,1800,-1150,7,37
1414,14,srtm30m,2324.0000, 39.1729,-120.2473,1800,-1049,8,37
1415,15,srtm30m,2338.0000, 39.1729,-120.2462,1800,-950,9,37
1416,16,srtm30m,2290.0000, 39.1729,-120.2450,1800,-849,10,37
1417,17,srtm30m,2206.0000, 39.1729,-120.2439,1800,-750,11,37
1418,18,srtm30m,2146.0000, 39.1729,-120.2427,1800,-649,12,37
1419,19,srtm30m,2104.0000, 39.1729,-120.2415,1800,-550,13,37
1420,20,srtm30m,2101.0000, 39.1729,-120.2404,1800,-449,14,37
1421,21,srtm30m,2091.0000, 39.1729,-120.2392,1800,-350,15,37
1422,22,srtm30m,2060.0000, 39.1729,-120.2381,1800,-249,16,37
1423,23,srtm30m,2050.0000, 39.1729,-120.2369,1800,-150,17,37
1424,24,srtm30m,2031.0000, 39.1729,-120.2357,1800,-49,18,37
1425,25,srtm30m,2029.0000, 39.1729,-120.2346,1800,49,19,37
1426,26,srtm30m,2055.0000, 39.1729,-120.2334,1800,150,20,37
1427,27,srtm30m,2062.0000, 39.1729,-120.2323,1800,249,21,37
1428,28,srtm30m,2058.0000, 39.1729,-120.2311,1800,350,22,37
1429,29,srtm30m,2056.0000, 39.1729,-120.2300,1800,449,23,37
1430,30,srtm30m,2068.0000, 39.1729,-120.2288,1800,550,24,37
1431,31,srtm30m,2088.0000, 39.1729,-120.2276,1800,649,25,37
1432,32,srtm30m,2112.0000, 39.1729,-120.2265,1800,750,26,37
1433,33,srtm30m,2137.0000, 39.1729,-120.2253,1800,849,27,37
1434,34,srtm30m,2157.0000, 39.1729,-120.2242,1800,950,28,37
1435,35,srtm30m,2198.0000, 39.1729,-120.2230,1800,1049,29,37
1436,36,srtm30m,2205.0000, 39.1729,-120.2218,1800,1150,30,37
1437,37,srtm30m,2185.0000, 39.1729,-120.2207,1800,1249,31,37
1438,38,srtm30m,2166.0000, 39.1729,-120.2195,1800,1350,32,37
1439,39,srtm30m,2138.0000, 39.1729,-120.2184,1800,1449,33,37
1440,40,srtm30m,2135.0000, 39.1729,-120.2172,1800,1550,34,37
1441,41,srtm30m,2134.0000, 39.1729,-120.2161,1800,1649,35,37
1442,42,srtm30m,2171.0000, 39.1729,-120.2149,1800,1750,36,37
1443,43,srtm30m,2211.0000, 39.1729,-120.2137,1800,1849,37,37
1444,44,srtm30m,2273.0000, 39.1738,-120.2566,1899,-1850,0,38
1445,45,srtm30m,2289.0000, 39.1738,-120.2554,1899,-1750,1,38
1446,46,srtm30m,2307.0000, 39.1738,-120.2543,1899,-1649,2,38
1447,47,srtm30m,2306.0000, 39.1738,-120.2531,1899,-1550,3,38
1448,48,srtm30m,2307.0000, 39.1738,-120.2520,1899,-1449,4,38
1449,49,srtm30m,2309.0000, 39.1738,-120.2508,1899,-1350,5,38
1450,50,srtm30m,2295.0000, 39.1738,-120.2496,1899,-1249,6,38
1451,51,srtm30m,2305.0000, 39.1738,-120.2485,1899,-1150,7,38
1452,52,srtm30m,2322.0000, 39.1738,-120.2473,1899,-1049,8,38
1453,53,srtm30m,2337.0000, 39.1738,-120.2462,1899,-950,9,38
1454,54,srtm30m,2289.0000, 39.1738,-120.2450,1899,-849,10,38
1455,55,srtm30m,2181.0000, 39.1738,-120.2439,1899,-750,11,38
1456,56,srtm30m,2127.0000, 39.1738,-120.2427,1899,-649,12,38
1457,57,srtm30m,2090.0000, 39.1738,-120.2415,1899,-550,13,38
1458,58,srtm30m,2092.0000, 39.1738,-120.2404,1899,-449,14,38
1459,59,srtm30m,2065.0000, 39.1738,-120.2392,1899,-350,15,38
1460,60,srtm30m,2053.0000, 39.1738,-120.2381,1899,-249,16,38
1461,61,srtm30m,2045.0000, 39.1738,-120.2369,1899,-150,17,38
1462,62,srtm30m,2029.0000, 39.1738,-120.2357,1899,-49,18,38
1463,63,srtm30m,2025.0000, 39.1738,-120.2346,1899,49,19,38
1464,64,srtm30m,2026.0000, 39.1738,-120.2334,1899,150,20,38
1465,65,srtm30m,2028.0000, 39.1738,-120.2323,1899,249,21,38
1466,66,srtm30m,2037.0000, 39.1738,-120.2311,1899,350,22,38
1467,67,srtm30m,2049.0000, 39.1738,-120.2300,1899,449,23,38
1468,68,srtm30m,2055.0000, 39.1738,-120.2288,1899,550,24,38
1469,69,srtm30m,2070.0000, 39.1738,-120.2276,1899,649,25,38
1470,70,srtm30m,2093.0000, 39.1738,-120.2265,1899,750,26,38
1471,71,srtm30m,2112.0000, 39.1738,-120.2253,1899,849,27,38
1472,72,srtm30m,2135.0000, 39.1738,-120.2242,1899,950,28,38
1473,73,srtm30m,2139.0000, 39.1738,-120.2230,1899,1049,29,38
1474,74,srtm30m,2141.0000, 39.1738,-120.2218,1899,1150,30,38
1475,75,srtm30m,2137.0000, 39.1738,-120.2207,1899,1249,31,38
1476,76,srtm30m,2111.0000, 39.1738,-120.2195,1899,1350,32,38
1477,77,srtm30m,2095.0000, 39.1738,-120.2184,1899,1449,33,38
1478,78,srtm30m,2111.0000, 39.1738,-120.2172,1899,1550,34,38
1479,79,srtm30m,2115.0000, 39.1738,-120.2161,1899,1649,35,38
1480,80,srtm30m,2146.0000, 39.1738,-120.2149,1899,1750,36,38
1481,81,srtm30m,2193.0000, 39.1738,-120.2137,1899,1849,37,38
